Symbol,Price,Type,Strike,"Exp Date",DTE,Bid,Midpoint,Ask,Last,Volume,"Open Int",Vol/OI,IV,Time
IWM,103.62,Put,98.00,04/17/20,32,6.88,7.51,8.14,8.50,25028,111,225.48,93.95%,03/16/20
IWM,103.62,Put,80.00,04/17/20,32,2.05,2.45,2.85,2.50,36168,277,130.57,95.84%,03/16/20
HYG,75.65,Put,72.00,05/15/20,60,1.69,2.29,2.89,2.76,18392,242,76,37.06%,"16:05 ET"
IWM,103.62,Put,70.00,12/18/20,277,4.97,5.46,5.94,5.25,40109,721,55.63,58.97%,03/16/20
SPY,240.69,Call,230.00,03/20/20,4,19.56,20.07,20.58,21.00,18684,344,54.31,158.79%,"16:16 ET"
IWM,103.62,Call,125.00,01/15/21,305,4.03,4.94,5.84,5.78,18412,373,49.36,32.59%,03/16/20
SPY,240.69,Call,253.00,07/17/20,123,22.60,24.62,26.63,23.69,5516,123,44.85,51.54%,"16:12 ET"
XOP,8.66,Put,9.00,01/15/21,305,2.89,2.94,2.99,2.82,10205,261,39.1,86.85%,03/16/20
IWM,103.62,Put,85.00,01/15/21,305,8.72,9.5,10.28,9.22,18414,482,38.2,51.32%,03/16/20
SPY,240.69,Call,241.00,03/16/20,0,1.56,1.93,2.29,2.31,4926,137,35.96,0.00%,"16:30 ET"
SPY,240.69,Call,243.00,03/16/20,0,0.63,0.86,1.09,0.30,4222,124,34.05,0.00%,"16:29 ET"
SPY,240.69,Put,243.00,03/16/20,0,1.33,1.71,2.08,1.85,47032,1391,33.81,0.00%,"16:30 ET"
EFA,47.45,Put,35.00,01/15/21,305,2.40,2.7,3.00,2.70,9319,292,31.91,50.61%,03/16/20
EEM,31.63,Call,39.00,09/18/20,186,1.00,2.95,4.90,1.30,4022,128,31.42,38.62%,03/16/20
SPY,240.69,Put,253.00,07/17/20,123,36.04,37.86,39.69,39.14,5924,191,31.02,58.07%,"16:12 ET"
IWM,103.62,Put,70.00,05/15/20,60,1.69,2.04,2.39,2.52,4413,149,29.62,94.35%,03/16/20
SPY,240.69,Call,240.00,03/16/20,0,2.23,2.72,3.20,3.25,6121,210,29.15,0.00%,"16:30 ET"
SPY,240.69,Put,242.00,03/16/20,0,0.68,1.04,1.40,1.46,63169,2170,29.11,0.00%,"16:29 ET"
SPY,240.69,Call,245.00,03/16/20,0,0.36,0.38,0.40,0.40,18145,627,28.94,0.00%,"16:30 ET"
EWY,41.87,Put,42.00,04/17/20,32,3.00,4.6,6.20,3.80,4035,145,27.83,76.19%,03/16/20
IWM,103.62,Put,102.50,03/20/20,4,4.66,5.27,5.88,5.55,3506,128,27.39,141.91%,03/16/20
QQQ,169.3,Put,167.00,04/17/20,32,12.43,14.16,15.89,13.71,3168,127,24.94,75.43%,"16:27 ET"
SPY,240.69,Call,242.00,03/16/20,0,0.84,1.15,1.46,1.60,4561,183,24.92,0.00%,"16:30 ET"
HYG,75.65,Put,60.00,05/15/20,60,1.20,1.41,1.61,1.59,16086,653,24.63,61.96%,"16:14 ET"
SLV,12,Call,13.00,05/15/20,60,0.69,0.73,0.77,0.68,4038,170,23.75,54.43%,03/16/20
XLE,27.81,Call,35.21,06/19/20,95,0.50,2.1,3.70,1.75,5001,211,23.7,70.60%,03/16/20
EFA,47.45,Call,55.00,09/18/20,186,0.10,2.55,5.00,1.80,15750,685,22.99,31.01%,03/16/20
EEM,31.63,Put,32.00,04/03/20,18,0.10,1.98,3.85,2.43,3422,152,22.51,80.07%,03/16/20
EEM,31.63,Call,32.73,03/20/20,4,0.00,2.38,4.75,1.25,5725,265,21.6,129.80%,03/16/20
TQQQ,37.25,Call,40.00,03/20/20,4,4.00,4.65,5.30,4.35,5869,272,21.58,350.23%,"16:15 ET"
SPY,240.69,Put,190.00,09/30/20,198,14.88,17.06,19.24,14.01,3547,183,19.38,54.12%,"13:01 ET"
SPY,240.69,Call,284.00,03/23/20,7,0.21,1.11,2.00,0.26,15880,856,18.55,64.27%,"16:17 ET"
VNQ,66.01,Put,60.00,06/19/20,95,6.30,6.45,6.60,5.75,2823,156,18.1,65.22%,"15:55 ET"
SPY,240.69,Call,250.00,03/18/20,2,6.68,6.92,7.16,6.87,17302,964,17.95,155.16%,"16:30 ET"
GLD,141.14,Call,144.00,04/17/20,32,4.80,4.95,5.10,4.33,8293,463,17.91,33.05%,"16:04 ET"
SPY,240.69,Put,240.00,03/16/20,0,0.26,0.44,0.62,0.37,141242,7970,17.72,0.00%,"16:30 ET"
SPY,240.69,Put,245.00,03/16/20,0,2.75,3.37,3.99,3.86,142920,8149,17.54,0.00%,"16:29 ET"
OIH,3.9,Call,5.00,04/17/20,32,0.25,0.29,0.33,0.27,6382,366,17.44,131.26%,03/16/20
EFA,47.45,Call,55.00,04/17/20,32,0.00,2.5,5.00,0.82,17981,1044,17.22,54.60%,03/16/20
SPY,240.69,Call,255.00,07/17/20,123,21.55,23.55,25.55,24.11,8193,486,16.86,53.64%,"16:05 ET"
BKLN,19.38,Put,14.00,04/17/20,32,0.15,0.18,0.20,0.20,3395,204,16.64,86.36%,03/16/20
XLP,52.77,Call,55.00,03/20/20,4,0.55,1.28,2.00,1.22,8147,491,16.59,95.62%,03/16/20
SPY,240.69,Call,239.00,03/16/20,0,2.84,3.31,3.78,3.54,2968,187,15.87,0.00%,"16:30 ET"
SPY,240.69,Put,244.00,03/16/20,0,1.99,2.7,3.41,2.93,22550,1433,15.74,0.00%,"16:29 ET"
VWO,31.56,Put,27.00,01/15/21,305,2.30,2.63,2.95,2.70,2170,139,15.61,45.25%,03/16/20
JNUG,8.2,Call,7.00,03/20/20,4,1.60,2.35,3.10,2.50,1651,109,15.15,589.31%,03/16/20
XLK,72.56,Call,81.00,03/20/20,4,0.10,2.55,5.00,0.60,3430,232,14.78,99.60%,03/16/20
SPY,240.69,Call,244.00,03/16/20,0,0.33,0.44,0.55,0.49,6655,458,14.53,0.00%,"16:29 ET"
SPY,240.69,Call,246.00,03/16/20,0,0.07,0.18,0.28,0.23,8808,607,14.51,0.00%,"16:30 ET"
IWM,103.62,Call,115.00,04/17/20,32,3.31,3.98,4.65,4.30,13141,920,14.28,68.35%,03/16/20
FXI,33.91,Call,36.50,03/20/20,4,0.00,0.25,0.49,0.43,1580,116,13.62,91.58%,03/16/20
SPY,240.69,Put,150.00,03/30/20,14,0.65,0.7,0.74,0.73,2915,214,13.62,134.26%,"16:29 ET"
SLV,12,Call,13.00,03/20/20,4,0.23,0.25,0.26,0.24,4613,346,13.33,117.81%,03/16/20
VXX,59.5,Put,50.00,04/17/20,32,7.45,7.8,8.15,7.60,2405,183,13.14,184.86%,"16:28 ET"
SPY,240.69,Call,247.00,03/16/20,0,0.04,0.1,0.16,0.14,12017,925,12.99,0.00%,"16:30 ET"
IWM,103.62,Call,113.00,03/20/20,4,1.00,1.73,2.46,1.65,1904,148,12.86,110.59%,03/16/20
IWM,103.62,Put,99.00,04/17/20,32,7.23,7.87,8.51,8.25,3120,243,12.84,87.69%,03/16/20
SPY,240.69,Put,245.00,04/03/20,18,19.66,20.64,21.62,20.33,15957,1243,12.84,82.75%,"16:28 ET"
XLK,72.56,Call,84.00,03/20/20,4,0.10,0.68,1.25,0.53,3426,282,12.15,116.22%,03/16/20
IWM,103.62,Call,122.00,04/17/20,32,1.06,1.79,2.52,1.54,7967,667,11.94,55.03%,03/16/20
GDX,22.49,Put,19.50,03/20/20,4,0.50,0.65,0.80,0.65,1608,135,11.91,200.93%,03/16/20
SPY,240.69,Put,240.00,04/20/20,35,21.65,21.97,22.29,22.25,2458,207,11.87,75.65%,"16:22 ET"
TQQQ,37.25,Call,45.00,03/20/20,4,2.30,2.83,3.35,2.79,2177,185,11.77,344.46%,"16:14 ET"
SPY,240.69,Call,243.00,04/17/20,32,20.41,20.78,21.15,19.29,1698,148,11.47,72.67%,"16:14 ET"
JNUG,8.2,Put,5.00,03/20/20,4,0.65,0.73,0.80,0.73,1883,165,11.41,728.36%,03/16/20
SPY,240.69,Put,239.00,03/16/20,0,0.20,0.29,0.38,0.34,20834,1830,11.38,0.00%,"16:30 ET"
JNUG,8.2,Call,8.00,03/20/20,4,2.05,2.53,3.00,2.26,1557,141,11.04,650.31%,03/16/20
IWM,103.62,Put,102.00,04/17/20,32,8.34,9,9.66,8.80,9212,836,11.02,79.74%,03/16/20
VXX,59.5,Put,50.00,03/20/20,4,2.58,2.82,3.05,3.00,8780,800,10.98,295.38%,"16:29 ET"
SPY,240.69,Put,225.00,05/01/20,46,18.38,18.63,18.88,18.60,2353,215,10.94,77.88%,"16:30 ET"
SPY,240.69,Put,160.00,04/13/20,28,1.00,1.53,2.06,1.99,1246,114,10.93,103.75%,"16:14 ET"
XLE,27.81,Call,33.00,04/17/20,32,0.50,1.25,2.00,1.33,2181,205,10.64,91.91%,03/16/20
EFA,47.45,Put,45.00,01/21/22,676,5.00,7.5,10.00,6.85,2732,261,10.47,35.05%,03/16/20
USO,6.05,Put,6.00,06/19/20,95,1.02,1.04,1.05,1.05,1817,174,10.44,89.58%,03/16/20
SPY,240.69,Put,190.00,03/27/20,11,3.04,3.17,3.29,3.00,21169,2035,10.4,121.04%,"16:21 ET"
EFA,47.45,Put,38.00,05/15/20,60,0.00,2.5,5.00,1.61,1124,110,10.22,72.99%,03/16/20
GDX,22.49,Put,16.00,03/20/20,4,0.00,0.2,0.40,0.19,1517,150,10.11,239.56%,03/16/20
SPY,240.69,Put,221.00,03/23/20,7,7.02,7.27,7.52,7.80,1653,164,10.08,121.60%,"16:25 ET"
XLK,72.56,Call,76.00,03/20/20,4,1.70,3.6,5.50,3.47,1358,139,9.77,161.34%,03/16/20
SPY,240.69,Call,261.00,03/23/20,7,4.07,4.33,4.58,3.72,1160,120,9.67,81.45%,"16:14 ET"
XBI,65.95,Call,70.00,03/20/20,4,0.00,1,2.00,1.30,2859,296,9.66,101.53%,03/16/20
SPY,240.69,Call,260.00,03/30/20,14,6.75,7.05,7.34,7.67,2471,258,9.58,80.46%,"16:19 ET"
IYR,67.46,Call,85.00,06/19/20,95,1.44,1.73,2.03,2.41,1119,117,9.56,54.24%,03/16/20
USO,6.05,Put,7.00,06/19/20,95,1.42,1.57,1.72,1.57,10082,1068,9.44,79.55%,03/16/20
SPY,240.69,Call,240.00,03/27/20,11,15.50,16.24,16.97,15.78,1202,129,9.32,95.21%,"16:27 ET"
SPY,240.69,Put,150.00,03/23/20,7,0.10,0.22,0.35,0.33,2054,222,9.25,166.17%,"16:30 ET"
SPY,240.69,Call,250.00,07/17/20,123,23.98,26.1,28.21,25.06,2821,309,9.13,51.94%,"16:13 ET"
NUGT,10.41,Call,10.00,03/27/20,11,2.48,2.82,3.15,2.65,1129,124,9.1,350.27%,03/16/20
SPY,240.69,Call,275.00,03/25/20,9,1.16,1.28,1.39,1.32,1643,181,9.08,68.16%,"16:15 ET"
IWM,103.62,Call,124.00,03/20/20,4,0.01,0.34,0.66,0.14,4324,476,9.08,92.85%,03/16/20
SPY,240.69,Put,237.00,03/16/20,0,0.02,0.06,0.09,0.10,16036,1788,8.97,0.00%,"16:30 ET"
NUGT,10.41,Call,10.00,03/20/20,4,2.22,2.6,2.98,2.44,2730,307,8.89,529.61%,03/16/20
SPY,240.69,Call,238.00,03/16/20,0,3.41,4.09,4.77,4.33,2369,268,8.84,0.00%,"16:21 ET"
NUGT,10.41,Call,9.00,03/20/20,4,2.58,3.07,3.55,3.00,2081,236,8.82,557.36%,03/16/20
UVXY,90.14,Put,70.00,03/20/20,4,5.60,6.3,7.00,6.00,1517,179,8.47,418.16%,03/16/20
SPY,240.69,Put,238.00,03/16/20,0,0.12,0.17,0.22,0.22,13819,1654,8.35,0.00%,"16:30 ET"
QQQ,169.3,Call,209.00,04/03/20,18,0.33,0.76,1.18,0.88,2360,283,8.34,64.99%,"16:19 ET"
EWZ,22.38,Call,35.00,09/18/20,186,0.05,1.16,2.28,1.18,2000,246,8.13,65.16%,03/16/20
SPY,240.69,Call,249.00,09/18/20,186,26.25,28.27,30.29,28.85,1682,208,8.09,46.83%,"14:40 ET"
SPY,240.69,Put,195.00,06/30/20,106,13.16,14.16,15.16,15.63,2209,274,8.06,72.91%,"16:25 ET"
SPY,240.69,Call,244.00,09/18/20,186,28.76,30.93,33.10,30.00,2859,356,8.03,45.52%,"16:14 ET"
SPY,240.69,Put,251.00,07/17/20,123,36.58,36.82,37.05,38.95,1049,131,8.01,59.95%,"16:14 ET"
SPY,240.69,Put,246.00,06/19/20,95,31.80,32.44,33.07,33.17,1460,185,7.89,62.13%,"16:17 ET"
SPY,240.69,Call,250.00,09/18/20,186,25.69,27.81,29.93,26.72,2119,277,7.65,44.28%,"16:14 ET"
SPY,240.69,Call,260.00,03/18/20,2,2.98,3.18,3.38,3.18,24145,3172,7.61,139.02%,"16:30 ET"
SPY,240.69,Call,270.00,03/23/20,7,1.53,1.69,1.85,1.69,7743,1034,7.49,75.10%,"16:28 ET"
TLT,164,Call,250.00,09/18/20,186,1.51,2.26,3.00,2.60,3403,458,7.43,43.37%,"14:41 ET"
EWJ,43.22,Put,34.00,04/17/20,32,0.60,0.83,1.06,0.79,883,120,7.36,82.35%,03/16/20
EEM,31.63,Call,33.23,06/19/20,95,0.50,2.85,5.20,3.15,2001,272,7.36,58.50%,03/16/20
EEM,31.63,Put,30.00,03/27/20,11,1.06,1.66,2.25,2.18,9218,1254,7.35,137.63%,03/16/20
SPY,240.69,Call,250.00,04/03/20,18,13.19,14.31,15.43,13.70,846,118,7.17,84.27%,"16:30 ET"
SPY,240.69,Put,251.00,09/18/20,186,37.90,39.55,41.20,39.76,1746,246,7.1,50.54%,"16:13 ET"
IWM,103.62,Put,92.00,04/17/20,32,4.94,5.53,6.11,4.94,6572,925,7.1,84.35%,03/16/20
EWY,41.87,Put,40.00,04/17/20,32,3.25,4.75,6.25,2.86,1913,278,6.88,77.66%,03/16/20
XLK,72.56,Call,86.00,03/20/20,4,0.05,0.08,0.10,0.10,3356,488,6.88,89.12%,03/16/20
QQQ,169.3,Put,182.00,03/27/20,11,14.49,16.53,18.57,17.90,1311,191,6.86,85.61%,"16:14 ET"
SPY,240.69,Put,185.00,03/27/20,11,2.53,2.63,2.73,2.37,10204,1490,6.85,122.26%,"16:18 ET"
EWZ,22.38,Call,43.00,09/18/20,186,0.00,0.58,1.16,0.30,2000,295,6.78,57.09%,03/16/20
HYG,75.65,Put,70.00,05/15/20,60,1.65,2.08,2.50,2.61,17907,2678,6.69,42.51%,"16:11 ET"
SPY,240.69,Put,179.00,03/20/20,4,0.94,1.01,1.07,1.10,1436,215,6.68,183.51%,"16:29 ET"
SPY,240.69,Call,249.00,03/18/20,2,7.10,7.37,7.63,7.51,4066,609,6.68,159.48%,"16:30 ET"
SPY,240.69,Put,246.00,04/03/20,18,19.74,21.26,22.78,20.00,760,114,6.67,78.44%,"16:16 ET"
QQQ,169.3,Call,175.00,03/20/20,4,6.45,7.52,8.59,7.01,4114,619,6.65,133.37%,"16:27 ET"
SPY,240.69,Put,150.00,04/01/20,16,0.78,0.83,0.88,0.86,2164,328,6.6,129.51%,"16:29 ET"
SPY,240.69,Call,289.00,03/31/20,15,0.39,0.45,0.50,0.38,21274,3223,6.6,50.73%,"16:18 ET"
XLF,19.89,Call,22.00,07/17/20,123,1.90,3.4,4.90,2.19,704,108,6.52,64.20%,03/16/20
SPY,240.69,Put,193.00,03/25/20,9,3.00,3.11,3.22,2.41,1681,258,6.52,118.93%,"16:00 ET"
SPY,240.69,Put,186.00,03/20/20,4,1.32,1.41,1.49,1.54,859,132,6.51,177.66%,"16:14 ET"
SPY,240.69,Call,247.00,03/18/20,2,7.94,8.22,8.50,8.00,3760,583,6.45,155.98%,"16:29 ET"
SHY,86.42,Put,88.00,06/18/21,459,1.00,3.25,5.50,2.09,734,114,6.44,5.58%,"13:27 ET"
QQQ,169.3,Call,197.50,04/03/20,18,1.44,2.36,3.28,3.83,1243,193,6.44,83.10%,"15:39 ET"
SPY,240.69,Put,160.00,04/09/20,24,1.77,1.85,1.92,1.65,1088,170,6.4,107.16%,"16:16 ET"
GDX,22.49,Put,17.00,03/20/20,4,0.01,0.21,0.40,0.30,1255,196,6.4,233.98%,03/16/20
TLT,164,Call,250.00,06/19/20,95,0.90,1.84,2.78,2.30,3367,528,6.38,59.22%,"15:52 ET"
SPY,240.69,Call,246.00,03/27/20,11,12.78,13.13,13.47,13.01,643,101,6.37,94.31%,"16:26 ET"
SLV,12,Call,12.00,01/21/22,676,2.75,2.84,2.92,2.76,2992,471,6.35,40.78%,03/16/20
SPY,240.69,Put,235.00,04/20/20,35,19.56,19.86,20.16,20.30,742,117,6.34,78.01%,"16:29 ET"
SPY,240.69,Put,151.00,03/20/20,4,0.17,0.2,0.23,0.19,759,120,6.33,200.31%,"16:22 ET"
SPY,240.69,Put,248.00,03/23/20,7,16.70,17.84,18.98,19.00,1226,194,6.32,108.53%,"16:13 ET"
SPY,240.69,Call,245.00,03/18/20,2,9.08,9.37,9.65,9.00,5356,850,6.3,159.08%,"16:30 ET"
SPY,240.69,Put,252.00,07/17/20,123,35.52,37.54,39.55,37.49,1150,183,6.28,56.21%,"16:06 ET"
SHY,86.42,Put,89.00,06/18/21,459,2.00,4.15,6.30,3.16,921,147,6.27,6.99%,"15:37 ET"
IWM,103.62,Put,70.00,04/17/20,32,0.69,1,1.30,1.10,632,101,6.26,100.74%,03/16/20
NUGT,10.41,Call,8.00,03/20/20,4,2.97,3.71,4.45,2.99,1025,164,6.25,390.66%,03/16/20
SPY,240.69,Call,205.00,06/30/20,106,51.13,52.84,54.54,58.26,811,130,6.24,79.79%,"11:17 ET"
EWJ,43.22,Put,40.00,04/03/20,18,1.00,1.32,1.63,1.35,2508,404,6.21,72.46%,03/16/20
SPY,240.69,Call,262.00,03/23/20,7,3.79,4,4.21,3.43,1400,230,6.09,80.63%,"16:12 ET"
GDX,22.49,Put,16.00,04/17/20,32,0.21,0.86,1.50,0.50,1228,202,6.08,112.81%,03/16/20
IWM,103.62,Call,110.00,03/20/20,4,2.20,2.82,3.44,2.60,3636,598,6.08,116.02%,03/16/20
SPY,240.69,Put,220.00,05/01/20,46,16.62,16.86,17.09,17.47,1627,268,6.07,81.42%,"16:27 ET"
XLP,52.77,Put,40.00,01/15/21,305,1.00,3.5,6.00,2.65,5020,829,6.06,45.18%,03/16/20
SPY,240.69,Put,198.00,03/23/20,7,2.86,2.97,3.09,2.69,884,146,6.05,127.38%,"16:17 ET"
SPY,240.69,Put,160.00,03/25/20,9,0.75,0.8,0.85,0.85,761,127,5.99,151.83%,"16:13 ET"
SPY,240.69,Call,257.00,03/23/20,7,5.61,5.9,6.18,5.15,843,141,5.98,85.85%,"16:14 ET"
SPY,240.69,Put,190.00,06/30/20,106,11.88,12.8,13.72,14.20,1403,236,5.94,73.80%,"16:25 ET"
SPY,240.69,Put,201.00,03/23/20,7,3.24,3.38,3.51,3.14,856,145,5.9,126.59%,"16:17 ET"
VXX,59.5,Put,25.00,09/18/20,186,2.47,2.89,3.30,3.06,3514,596,5.9,129.46%,"16:29 ET"
SPY,240.69,Put,249.00,03/16/20,0,6.52,7.04,7.56,7.87,10637,1803,5.9,0.00%,"16:29 ET"
HYG,75.65,Call,87.00,06/19/20,95,0.16,0.47,0.77,0.16,23504,4007,5.87,16.64%,"15:48 ET"
SPY,240.69,Put,235.00,04/15/20,30,18.54,18.85,19.15,19.50,1146,197,5.82,81.18%,"16:26 ET"
SPY,240.69,Call,250.00,04/01/20,16,12.23,12.6,12.96,13.01,922,159,5.8,85.94%,"16:17 ET"
QQQ,169.3,Call,188.00,06/19/20,95,12.02,13.75,15.47,13.23,1085,187,5.8,58.11%,"16:14 ET"
XOP,8.66,Put,7.00,05/15/20,60,1.06,1.14,1.21,1.09,1043,180,5.79,145.42%,03/16/20
SPY,240.69,Call,248.00,03/20/20,4,8.66,9.1,9.54,8.85,7285,1260,5.78,122.69%,"16:29 ET"
JNUG,8.2,Call,40.00,04/17/20,32,0.15,0.45,0.75,0.47,825,143,5.77,350.37%,03/16/20
USO,6.05,Call,6.00,03/20/20,4,0.42,0.44,0.45,0.43,5057,876,5.77,160.75%,03/16/20
QQQ,169.3,Call,179.00,03/20/20,4,4.00,5.84,7.67,5.00,1517,264,5.75,124.18%,"16:15 ET"
JNUG,8.2,Call,5.00,03/20/20,4,3.10,3.38,3.65,3.29,774,135,5.73,344.68%,03/16/20
SPY,240.69,Call,245.00,03/27/20,11,13.54,13.84,14.13,13.50,1987,348,5.71,94.78%,"16:26 ET"
SPY,240.69,Put,219.00,03/18/20,2,3.53,3.68,3.82,3.90,3424,601,5.7,168.93%,"16:26 ET"
SPY,240.69,Put,241.00,04/03/20,18,18.24,18.59,18.94,20.16,683,120,5.69,92.56%,"16:13 ET"
SLV,12,Call,12.00,04/17/20,32,0.92,0.96,0.99,0.95,2048,360,5.69,66.59%,03/16/20
SPY,240.69,Put,200.00,03/18/20,2,1.27,1.35,1.42,1.33,13679,2409,5.68,186.65%,"16:30 ET"
SPY,240.69,Call,246.00,05/15/20,60,24.25,24.54,24.83,23.65,1889,333,5.67,67.28%,"16:11 ET"
FXI,33.91,Put,31.00,04/17/20,32,1.16,1.37,1.58,1.22,16399,2897,5.66,63.16%,03/16/20
SPY,240.69,Put,162.00,03/20/20,4,0.37,0.41,0.45,0.33,717,127,5.65,187.76%,"16:17 ET"
UVXY,90.14,Call,78.00,03/20/20,4,16.95,21.85,26.75,23.00,744,132,5.64,466.95%,03/16/20
SPY,240.69,Call,250.00,05/15/20,60,22.02,22.31,22.61,22.53,12599,2245,5.61,68.52%,"16:30 ET"
SPY,240.69,Call,271.00,03/23/20,7,1.38,1.5,1.62,1.44,2431,435,5.59,73.14%,"16:22 ET"
SPY,240.69,Put,250.00,03/16/20,0,6.40,7.46,8.51,8.08,93325,16731,5.58,0.00%,"16:29 ET"
GLD,141.14,Put,100.00,03/31/20,15,0.03,0.08,0.12,0.18,992,178,5.57,85.64%,"13:55 ET"
SPY,240.69,Call,275.00,04/08/20,23,4.23,4.45,4.66,5.17,1050,190,5.53,67.31%,"16:01 ET"
SPY,240.69,Call,248.00,03/18/20,2,7.47,7.79,8.10,7.49,5457,988,5.52,153.97%,"16:29 ET"
HYG,75.65,Put,60.00,09/18/20,186,2.30,3.05,3.80,2.50,25030,4541,5.51,42.69%,"15:52 ET"
SPY,240.69,Call,244.00,03/18/20,2,9.43,9.83,10.23,10.03,1746,319,5.47,167.83%,"16:30 ET"
EWJ,43.22,Call,45.00,04/17/20,32,1.20,1.67,2.13,1.83,1087,201,5.41,49.97%,03/16/20
HYG,75.65,Put,74.00,05/15/20,60,2.75,3.58,4.40,3.30,7217,1346,5.36,34.41%,"15:59 ET"
SPY,240.69,Put,154.00,03/20/20,4,0.22,0.25,0.28,0.25,980,184,5.33,200.33%,"16:28 ET"
GLD,141.14,Call,161.50,04/09/20,24,0.00,1.07,2.14,0.96,663,125,5.3,43.69%,"15:13 ET"
SPY,240.69,Call,190.00,05/15/20,60,60.58,61.31,62.03,64.68,540,102,5.29,98.14%,"10:49 ET"
TQQQ,37.25,Call,53.00,03/20/20,4,0.20,0.9,1.59,0.42,992,189,5.25,242.24%,"16:13 ET"
SPY,240.69,Put,195.00,11/20/20,249,16.74,19.1,21.46,20.70,1273,243,5.24,56.61%,"16:13 ET"
EWZ,22.38,Call,27.00,03/27/20,11,0.03,2.39,4.75,1.50,957,183,5.23,194.84%,03/16/20
SPY,240.69,Call,262.00,06/19/20,95,16.84,18.91,20.97,20.56,610,117,5.21,58.99%,"16:01 ET"
SLV,12,Put,8.50,05/01/20,46,0.09,0.12,0.15,0.14,520,100,5.2,78.05%,03/16/20
XOP,8.66,Call,10.00,06/18/21,459,2.19,2.39,2.58,2.60,2015,390,5.17,78.58%,03/16/20
SLV,12,Put,11.00,03/20/20,4,0.29,0.31,0.32,0.30,2836,549,5.17,143.49%,03/16/20
SPY,240.69,Put,215.00,03/18/20,2,2.85,3.02,3.19,3.31,8538,1651,5.17,176.07%,"16:29 ET"
SPY,240.69,Put,232.00,04/17/20,32,17.92,18.27,18.61,19.20,13266,2583,5.14,83.00%,"16:23 ET"
SPY,240.69,Put,248.00,03/16/20,0,5.65,6.51,7.37,7.63,17479,3401,5.14,0.00%,"16:27 ET"
JNUG,8.2,Call,10.00,03/27/20,11,1.17,1.59,2.00,2.00,661,129,5.12,458.76%,03/16/20
SPY,240.69,Put,241.00,04/01/20,16,17.27,17.63,17.99,19.35,583,114,5.11,94.07%,"16:14 ET"
HYG,75.65,Put,65.00,05/15/20,60,1.75,1.85,1.94,1.70,54697,10768,5.08,48.55%,"16:07 ET"
SPY,240.69,Put,178.00,03/20/20,4,0.89,0.96,1.02,0.99,1471,292,5.04,182.12%,"16:29 ET"
USO,6.05,Call,7.00,06/19/20,95,0.62,0.65,0.68,0.62,766,153,5.01,77.22%,03/16/20
QQQ,169.3,Put,159.00,05/15/20,60,13.08,14.86,16.64,11.79,1032,206,5.01,62.78%,"15:40 ET"
EEM,31.63,Call,34.00,04/17/20,32,0.05,1.8,3.55,1.65,1730,346,5,68.59%,03/16/20
GDXJ,26.68,Call,25.00,03/20/20,4,1.50,3.75,6.00,2.75,1363,274,4.97,165.47%,03/16/20
SPY,240.69,Call,260.00,03/20/20,4,3.49,3.73,3.96,3.80,58862,11844,4.97,106.15%,"16:30 ET"
QQQ,169.3,Call,192.00,03/27/20,11,1.13,2.91,4.68,4.02,867,175,4.95,97.09%,"15:21 ET"
SPY,240.69,Put,183.00,04/17/20,32,5.12,5.26,5.39,5.30,1907,385,4.95,95.69%,"16:12 ET"
SPY,240.69,Call,269.00,03/23/20,7,1.79,1.94,2.08,1.70,3876,790,4.91,73.63%,"16:15 ET"
SQQQ,30.69,Call,33.00,04/17/20,32,8.60,10.05,11.50,7.40,510,104,4.9,230.18%,"16:12 ET"
SLV,12,Call,15.00,05/01/20,46,0.20,0.22,0.24,0.22,867,177,4.9,59.98%,03/16/20
SPY,240.69,Call,275.00,12/17/21,641,20.00,23.25,26.50,22.00,3770,769,4.9,25.56%,"16:29 ET"
HYG,75.65,Put,73.00,03/27/20,11,0.70,1.33,1.96,1.12,1057,217,4.87,42.91%,"15:29 ET"
TLT,164,Call,191.00,04/17/20,32,2.42,3.79,5.15,3.09,900,185,4.86,57.64%,"16:14 ET"
SPY,240.69,Put,251.00,03/16/20,0,8.50,8.84,9.18,9.84,10309,2120,4.86,0.00%,"16:29 ET"
SPY,240.69,Put,224.00,04/17/20,32,15.08,15.34,15.60,15.26,8449,1741,4.85,82.12%,"16:30 ET"
USO,6.05,Put,5.50,03/20/20,4,0.21,0.22,0.22,0.21,22489,4651,4.84,178.93%,03/16/20
TQQQ,37.25,Put,42.00,03/20/20,4,8.15,9.83,11.50,7.55,637,132,4.83,292.24%,"16:11 ET"
SPY,240.69,Call,246.00,03/18/20,2,8.42,8.8,9.18,9.09,3144,652,4.82,166.06%,"16:30 ET"
VXX,59.5,Call,70.00,03/27/20,11,5.50,5.98,6.45,5.95,4411,916,4.82,233.00%,"16:20 ET"
HYG,75.65,Put,72.00,06/19/20,95,3.20,3.75,4.30,3.25,1387,292,4.75,33.22%,"16:00 ET"
SPY,240.69,Put,246.00,03/16/20,0,3.64,4.08,4.51,3.67,19949,4197,4.75,0.00%,"16:30 ET"
SLV,12,Call,12.50,06/30/20,106,1.00,1.05,1.09,1.03,1099,232,4.74,47.29%,03/16/20
SPY,240.69,Put,230.00,03/18/20,2,4.75,5.51,6.27,6.52,30133,6382,4.72,154.94%,"16:29 ET"
SPY,240.69,Call,292.50,04/24/20,39,2.46,2.59,2.73,3.30,854,182,4.69,55.05%,"15:36 ET"
QQQ,169.3,Put,168.00,04/17/20,32,13.24,14.61,15.97,14.17,7208,1550,4.65,75.11%,"16:27 ET"
SPY,240.69,Put,217.00,03/23/20,7,6.07,6.3,6.52,6.41,1469,317,4.63,120.69%,"16:16 ET"
QQQ,169.3,Call,182.00,06/19/20,95,14.36,16.42,18.48,17.29,1068,231,4.62,64.15%,"15:54 ET"
SPY,240.69,Call,252.00,03/18/20,2,5.86,6.12,6.37,5.89,5023,1094,4.59,150.17%,"16:30 ET"
SPY,240.69,Put,247.00,03/18/20,2,12.63,13.07,13.50,14.00,8902,1944,4.58,139.68%,"16:22 ET"
QQQ,169.3,Put,100.00,03/20/20,4,0.09,0.1,0.10,0.10,10433,2280,4.58,216.46%,"16:20 ET"
SPY,240.69,Call,250.00,04/17/20,32,16.74,17.09,17.43,17.11,19745,4323,4.57,75.09%,"16:30 ET"
SPY,240.69,Put,222.00,03/23/20,7,7.27,7.53,7.78,8.16,1981,436,4.54,121.70%,"16:11 ET"
OILU,1.28,Call,7.00,01/21/22,676,0.25,0.3,0.35,0.30,641,142,4.51,118.31%,03/16/20
QQQ,169.3,Call,208.00,04/03/20,18,0.02,0.89,1.75,0.69,1756,391,4.49,60.42%,"15:55 ET"
SLV,12,Put,10.00,04/17/20,32,0.26,0.29,0.31,0.29,4052,902,4.49,76.36%,03/16/20
IWM,103.62,Put,114.00,03/20/20,4,10.63,11.54,12.44,15.60,7719,1721,4.49,210.49%,03/16/20
SPY,240.69,Call,255.00,03/25/20,9,7.45,7.82,8.19,6.96,2566,573,4.48,84.86%,"16:14 ET"
VXX,59.5,Call,61.00,03/20/20,4,5.65,6.25,6.85,7.40,1749,392,4.46,324.42%,"16:27 ET"
SPY,240.69,Put,130.00,04/15/20,30,0.64,0.67,0.70,0.66,525,118,4.45,113.76%,"16:15 ET"
IWM,103.62,Put,95.00,08/21/20,158,10.28,11.03,11.78,8.67,2510,565,4.44,49.40%,03/16/20
SPY,240.69,Call,263.00,04/01/20,16,6.46,6.74,7.02,7.16,798,180,4.43,76.86%,"15:59 ET"
SPY,240.69,Put,260.00,04/08/20,23,27.80,29.49,31.17,30.00,1370,311,4.41,73.55%,"16:10 ET"
GDXJ,26.68,Call,38.00,08/21/20,158,0.53,2.74,4.95,2.08,3382,767,4.41,73.28%,03/16/20
NUGT,10.41,Put,8.00,03/20/20,4,0.66,0.9,1.14,1.14,570,130,4.38,566.08%,03/16/20
VXX,59.5,Call,47.00,04/09/20,24,16.55,17.13,17.70,19.10,1375,315,4.37,220.21%,"16:13 ET"
SPY,240.69,Put,195.00,07/17/20,123,15.69,15.84,16.00,15.35,3883,892,4.35,67.15%,"16:18 ET"
JNUG,8.2,Call,12.00,03/20/20,4,1.05,1.08,1.10,1.10,1312,302,4.34,626.23%,03/16/20
XOP,8.66,Put,3.00,05/15/20,60,0.12,0.17,0.22,0.16,524,121,4.33,195.69%,03/16/20
SPY,240.69,Put,205.00,04/15/20,30,7.26,8.3,9.34,9.90,760,176,4.32,92.43%,"16:14 ET"
AMLP,3.58,Call,4.00,03/20/20,4,0.05,0.13,0.20,0.15,1067,247,4.32,200.51%,03/16/20
SPY,240.69,Call,263.00,03/20/20,4,2.58,2.76,2.94,2.68,9550,2244,4.26,99.10%,"16:28 ET"
XLF,19.89,Put,17.00,06/19/20,95,0.90,2.95,5.00,1.85,1570,369,4.25,83.75%,03/16/20
SPY,240.69,Put,189.00,03/20/20,4,1.53,1.62,1.71,1.86,559,133,4.2,177.48%,"16:14 ET"
SPY,240.69,Put,241.00,03/16/20,0,0.34,0.64,0.94,0.44,11395,2715,4.2,0.00%,"16:29 ET"
GDXJ,26.68,Call,25.00,04/17/20,32,3.85,4.55,5.25,5.10,713,170,4.19,138.28%,03/16/20
SPY,240.69,Put,220.00,04/06/20,21,11.10,11.35,11.60,11.19,2549,608,4.19,89.37%,"16:21 ET"
GDX,22.49,Put,15.00,03/20/20,4,0.00,0.08,0.16,0.12,661,158,4.18,247.66%,03/16/20
SPY,240.69,Call,272.00,03/23/20,7,1.19,1.31,1.42,1.02,3422,820,4.17,67.99%,"16:14 ET"
SPY,240.69,Put,240.00,04/06/20,21,18.20,18.6,19.00,18.70,1541,370,4.16,81.76%,"16:21 ET"
SPY,240.69,Put,236.00,07/17/20,123,29.95,30.17,30.39,28.23,727,175,4.15,56.12%,"14:22 ET"
SPY,240.69,Put,145.00,03/25/20,9,0.38,0.42,0.45,0.46,1148,278,4.13,164.25%,"16:27 ET"
SPY,240.69,Put,249.00,07/17/20,123,35.64,35.88,36.11,37.15,804,195,4.12,58.89%,"16:22 ET"
USO,6.05,Call,10.00,05/15/20,60,0.07,0.09,0.10,0.10,1174,285,4.12,87.95%,03/16/20
SPY,240.69,Call,256.00,03/18/20,2,4.26,4.5,4.74,4.46,5848,1426,4.1,145.38%,"16:30 ET"
SPY,240.69,Put,240.00,03/18/20,2,9.43,9.8,10.17,9.50,25917,6330,4.09,133.23%,"16:30 ET"
SPY,240.69,Put,160.00,04/01/20,16,1.18,1.24,1.30,1.07,798,196,4.07,119.32%,"16:17 ET"
IGV,185.88,Put,200.00,04/17/20,32,23.50,25.45,27.40,20.00,1641,403,4.07,51.92%,03/16/20
SPXS,23.74,Call,30.00,06/19/20,95,6.50,6.85,7.20,7.00,4106,1010,4.07,186.53%,03/16/20
SPY,240.69,Call,230.00,04/17/20,32,27.93,28.35,28.77,27.82,569,140,4.06,80.88%,"16:28 ET"
SPY,240.69,Put,188.00,03/20/20,4,1.46,1.55,1.63,1.42,653,162,4.03,168.34%,"16:15 ET"
VXX,59.5,Put,41.00,03/20/20,4,0.60,0.82,1.04,0.65,1295,322,4.02,274.92%,"16:26 ET"
SPY,240.69,Put,200.00,03/23/20,7,3.12,3.23,3.34,3.29,12306,3063,4.02,131.12%,"16:29 ET"
SPY,240.69,Put,247.00,03/16/20,0,4.61,5.28,5.94,5.75,17900,4452,4.02,0.00%,"16:29 ET"
NUGT,10.41,Call,10.00,06/19/20,95,3.10,4.18,5.25,4.00,541,135,4.01,189.00%,03/16/20
SPY,240.69,Put,208.00,03/20/20,4,3.57,3.74,3.90,3.77,13256,3324,3.99,154.95%,"16:29 ET"
SPXL,22.51,Call,35.00,01/15/21,305,4.10,6.05,8.00,6.00,651,164,3.97,111.88%,03/16/20
SPY,240.69,Call,263.00,06/19/20,95,16.44,18.43,20.42,20.26,698,176,3.97,59.05%,"15:59 ET"
SPY,240.69,Call,242.00,03/18/20,2,10.71,11.05,11.39,10.75,964,243,3.97,165.74%,"16:29 ET"
SPY,240.69,Call,264.00,07/17/20,123,16.75,18.88,21.02,19.88,1299,328,3.96,51.61%,"16:15 ET"
TQQQ,37.25,Put,30.00,04/17/20,32,6.00,6.25,6.50,6.00,663,168,3.95,237.19%,"16:12 ET"
QQQ,169.3,Call,176.00,03/20/20,4,5.30,7.15,9.00,6.97,734,186,3.95,138.16%,"16:22 ET"
XOP,8.66,Call,11.00,09/18/20,186,1.27,1.41,1.55,1.53,540,137,3.94,91.57%,03/16/20
TLT,164,Call,190.00,03/27/20,11,1.16,1.61,2.06,1.92,848,215,3.94,81.49%,"16:15 ET"
SPY,240.69,Put,190.00,11/20/20,249,15.30,17.76,20.22,16.48,1880,477,3.94,52.79%,"14:42 ET"
SPY,240.69,Put,248.00,03/18/20,2,13.16,13.6,14.04,13.65,6554,1665,3.94,125.12%,"16:29 ET"
EFA,47.45,Call,54.00,03/20/20,4,0.00,2.5,5.00,0.22,641,163,3.93,93.92%,03/16/20
SPY,240.69,Put,160.00,05/01/20,46,3.59,3.68,3.77,3.50,767,195,3.93,94.08%,"16:15 ET"
SPY,240.69,Call,269.00,03/25/20,9,2.41,2.6,2.79,2.82,1489,380,3.92,76.88%,"16:16 ET"
HYG,75.65,Put,74.00,06/19/20,95,3.20,4.2,5.20,3.73,6062,1548,3.92,30.56%,"16:05 ET"
USO,6.05,Put,4.00,06/19/20,95,0.31,0.32,0.33,0.33,2432,629,3.87,106.31%,03/16/20
VXX,59.5,Call,54.00,05/15/20,60,16.15,16.7,17.25,17.75,558,145,3.85,164.10%,"15:56 ET"
SPY,240.69,Call,270.00,03/25/20,9,2.15,2.33,2.51,2.06,2499,649,3.85,70.46%,"16:28 ET"
SPY,240.69,Put,157.00,03/20/20,4,0.27,0.71,1.15,0.32,1332,347,3.84,199.88%,"16:26 ET"
JETS,16.22,Put,16.00,04/17/20,32,2.60,2.8,3.00,2.79,723,189,3.83,154.32%,03/16/20
SPY,240.69,Put,250.00,04/20/20,35,24.65,26.54,28.42,27.26,537,141,3.81,73.02%,"16:13 ET"
SPY,240.69,Call,240.00,03/18/20,2,11.87,12.17,12.47,11.60,1360,358,3.8,164.74%,"16:29 ET"
LQD,121.1,Put,116.00,04/17/20,32,2.70,3.5,4.30,3.70,1812,479,3.78,43.17%,"15:26 ET"
SPY,240.69,Put,243.00,03/20/20,4,13.36,13.63,13.90,13.95,8724,2309,3.78,122.42%,"16:30 ET"
TLT,164,Call,173.00,04/17/20,32,4.75,6.28,7.80,5.44,932,247,3.77,46.30%,"16:14 ET"
GDX,22.49,Call,18.00,04/17/20,32,3.95,4.85,5.75,4.35,1621,431,3.76,19.75%,03/16/20
SPY,240.69,Call,293.00,03/25/20,9,0.14,0.16,0.18,0.14,4251,1134,3.75,59.26%,"16:07 ET"
GDX,22.49,Put,19.00,03/20/20,4,0.05,0.38,0.70,0.58,2649,708,3.74,210.65%,03/16/20
SPY,240.69,Put,242.00,03/18/20,2,10.27,10.66,11.05,11.09,3304,889,3.72,140.47%,"16:29 ET"
SPY,240.69,Put,247.00,03/25/20,9,17.27,18.06,18.84,17.00,1025,278,3.69,86.47%,"16:05 ET"
SPY,240.69,Put,175.00,04/09/20,24,3.09,3.18,3.26,3.10,1627,442,3.68,103.66%,"16:15 ET"
SPY,240.69,Call,285.00,03/23/20,7,0.19,0.36,0.52,0.20,12353,3357,3.68,62.62%,"16:29 ET"
SPY,240.69,Call,320.00,04/13/20,28,0.13,0.22,0.30,0.18,645,176,3.66,47.25%,"16:14 ET"
JNUG,8.2,Put,7.00,03/20/20,4,1.64,1.73,1.83,1.74,753,206,3.66,741.45%,03/16/20
IWM,103.62,Put,100.00,01/15/21,305,13.88,14.78,15.68,15.03,18683,5117,3.65,47.48%,03/16/20
SPY,240.69,Put,254.00,07/17/20,123,36.55,38.72,40.90,39.37,692,190,3.64,57.37%,"16:11 ET"
TQQQ,37.25,Put,39.00,03/20/20,4,1.41,4.21,7.00,6.45,798,220,3.63,349.64%,"16:13 ET"
TLT,164,Put,115.00,05/15/20,60,0.16,0.18,0.19,0.19,2301,635,3.62,43.43%,"15:04 ET"
IWM,103.62,Call,127.00,04/17/20,32,0.22,0.82,1.42,0.74,797,221,3.61,51.28%,03/16/20
QQQ,169.3,Put,170.00,04/03/20,18,11.28,12.77,14.27,12.23,6960,1928,3.61,79.60%,"16:28 ET"
SPY,240.69,Put,173.00,03/20/20,4,0.69,0.75,0.80,0.77,561,156,3.6,186.44%,"16:14 ET"
QQQ,169.3,Put,165.00,03/27/20,11,7.35,9.01,10.67,8.20,1062,295,3.6,88.57%,"16:17 ET"
SPY,240.69,Put,197.00,03/23/20,7,2.74,2.86,2.98,2.65,726,202,3.59,129.16%,"16:17 ET"
SPY,240.69,Put,150.00,04/09/20,24,1.20,1.24,1.28,1.23,616,172,3.58,113.61%,"16:15 ET"
SPY,240.69,Call,251.00,09/18/20,186,24.89,27.09,29.28,27.29,896,252,3.56,45.69%,"15:48 ET"
SLV,12,Call,13.50,03/20/20,4,0.13,0.14,0.15,0.13,1725,484,3.56,114.02%,03/16/20
VXX,59.5,Call,75.00,03/27/20,11,4.45,4.9,5.35,5.30,4062,1140,3.56,247.88%,"16:18 ET"
SLV,12,Put,11.00,07/17/20,123,0.78,0.82,0.86,0.77,827,233,3.55,46.36%,03/16/20
SPY,240.69,Call,282.00,06/30/20,106,8.93,10.63,12.32,10.13,1718,487,3.53,45.83%,"16:14 ET"
SPY,240.69,Call,251.00,03/23/20,7,8.33,8.68,9.03,8.00,881,250,3.52,94.36%,"16:27 ET"
SPY,240.69,Call,256.00,05/15/20,60,19.07,19.37,19.67,22.57,1414,402,3.52,74.41%,"15:16 ET"
VXX,59.5,Put,42.00,03/20/20,4,0.65,0.85,1.04,0.70,2524,719,3.51,266.28%,"16:13 ET"
SPY,240.69,Call,255.00,03/18/20,2,4.59,4.8,5.00,4.78,8568,2442,3.51,146.34%,"16:29 ET"
SPY,240.69,Call,275.00,03/18/20,2,0.53,0.59,0.64,0.53,17513,4985,3.51,116.36%,"16:29 ET"
TQQQ,37.25,Call,57.00,03/20/20,4,0.09,0.39,0.69,0.47,526,151,3.48,284.58%,"16:09 ET"
SLV,12,Call,14.00,03/19/21,368,1.30,1.42,1.54,1.47,845,243,3.48,43.99%,03/16/20
VXX,59.5,Call,65.00,03/27/20,11,6.80,7.32,7.85,8.50,778,224,3.47,257.97%,"16:24 ET"
SPY,240.69,Call,265.00,03/23/20,7,2.84,3.02,3.20,2.85,3190,922,3.46,80.37%,"16:22 ET"
NUGT,10.41,Call,12.00,03/20/20,4,1.57,1.64,1.70,1.65,1326,384,3.45,511.12%,03/16/20
SPY,240.69,Call,246.00,03/20/20,4,9.71,10.19,10.66,10.15,2184,635,3.44,128.01%,"16:29 ET"
USO,6.05,Call,10.00,06/19/20,95,0.10,0.11,0.11,0.13,1138,332,3.43,74.58%,03/16/20
SPY,240.69,Put,205.00,03/18/20,2,1.70,1.82,1.93,1.92,5050,1474,3.43,185.77%,"16:29 ET"
SPY,240.69,Call,255.00,03/23/20,7,6.42,6.73,7.05,6.64,1670,489,3.42,93.66%,"16:29 ET"
IWM,103.62,Call,110.00,04/17/20,32,5.50,6.15,6.79,6.00,514,151,3.4,69.66%,03/16/20
SPY,240.69,Put,85.00,06/19/20,95,0.17,0.92,1.67,0.54,9768,2893,3.38,100.05%,"16:24 ET"
XLF,19.89,Call,25.00,03/27/20,11,0.00,0.58,1.15,0.17,833,247,3.37,99.94%,03/16/20
SPY,240.69,Put,175.00,04/06/20,21,2.67,2.74,2.81,2.96,661,197,3.36,109.31%,"16:12 ET"
SLV,12,Put,11.50,03/20/20,4,0.41,0.44,0.47,0.45,3430,1022,3.36,136.96%,03/16/20
IWM,103.62,Put,85.00,04/17/20,32,3.10,3.55,4.00,3.80,35215,10499,3.35,96.27%,03/16/20
GDXJ,26.68,Call,38.00,04/09/20,24,0.00,2.38,4.75,0.70,519,156,3.33,125.35%,03/16/20
HYG,75.65,Put,70.00,09/18/20,186,3.60,4.05,4.50,4.50,5583,1676,3.33,34.86%,"16:14 ET"
NUGT,10.41,Call,11.00,03/20/20,4,1.82,1.99,2.16,2.15,1054,317,3.32,551.92%,03/16/20
VXX,59.5,Call,65.00,04/17/20,32,9.85,10.35,10.85,11.50,1432,431,3.32,193.82%,"16:27 ET"
IWM,103.62,Put,95.00,03/20/20,4,2.28,2.78,3.28,2.79,1533,462,3.32,149.03%,03/16/20
EFA,47.45,Put,48.00,04/17/20,32,2.00,4.5,7.00,4.16,4659,1413,3.3,69.58%,03/16/20
TQQQ,37.25,Call,60.00,03/27/20,11,0.35,0.83,1.30,0.50,1143,348,3.28,188.79%,"16:14 ET"
USO,6.05,Call,6.50,03/20/20,4,0.21,0.22,0.22,0.21,7235,2206,3.28,150.76%,03/16/20
SPY,240.69,Call,245.00,09/18/20,186,28.34,30.44,32.54,30.00,2338,716,3.27,46.13%,"16:22 ET"
SPY,240.69,Put,140.00,07/17/20,123,4.56,4.63,4.70,4.45,3977,1217,3.27,77.46%,"16:17 ET"
SPY,240.69,Call,273.00,03/23/20,7,1.04,1.14,1.24,1.00,1612,494,3.26,69.08%,"16:15 ET"
GDX,22.49,Call,20.00,06/19/20,95,3.65,4.75,5.85,3.95,2068,634,3.26,57.11%,03/16/20
SPY,240.69,Put,244.00,04/17/20,32,23.10,23.44,23.77,24.00,15937,4887,3.26,77.35%,"16:22 ET"
VXX,59.5,Put,48.00,03/20/20,4,1.94,2.27,2.60,2.10,1598,494,3.23,279.92%,"16:28 ET"
SPY,240.69,Put,180.00,05/01/20,46,6.47,6.61,6.74,6.08,698,217,3.22,87.52%,"16:17 ET"
SPY,240.69,Put,130.00,05/01/20,46,1.21,1.27,1.33,1.06,1549,481,3.22,100.19%,"16:16 ET"
SPY,240.69,Call,291.00,04/17/20,32,1.99,2.12,2.25,2.00,21460,6658,3.22,51.53%,"16:29 ET"
VXX,59.5,Call,53.00,03/27/20,11,11.40,11.98,12.55,12.75,533,166,3.21,236.02%,"16:21 ET"
TQQQ,37.25,Put,44.00,03/20/20,4,7.00,9.5,12.00,9.75,739,231,3.2,342.25%,"16:14 ET"
VXX,59.5,Put,35.00,04/03/20,18,1.07,1.28,1.49,1.10,2629,822,3.2,198.64%,"16:21 ET"
QQQ,169.3,Put,170.00,07/17/20,123,20.40,21.54,22.68,22.00,4363,1364,3.2,56.64%,"16:27 ET"
SPY,240.69,Call,247.00,03/20/20,4,8.99,9.54,10.09,9.68,2435,766,3.18,127.24%,"16:29 ET"
SPY,240.69,Put,251.00,04/01/20,16,21.66,22.61,23.55,23.00,643,203,3.17,82.82%,"16:11 ET"
SPY,240.69,Put,212.00,03/25/20,9,4.26,5.33,6.40,6.22,885,279,3.17,117.45%,"16:21 ET"
SLV,12,Call,13.00,12/31/20,290,1.30,1.39,1.48,1.51,531,168,3.16,43.31%,03/16/20
IWM,103.62,Call,139.00,05/15/20,60,0.00,0.39,0.78,0.76,897,284,3.16,49.13%,03/16/20
SPY,240.69,Put,257.00,07/17/20,123,37.49,39.78,42.06,35.30,958,303,3.16,46.62%,"14:51 ET"
SPY,240.69,Put,185.00,03/30/20,14,2.70,2.81,2.92,2.70,2258,718,3.14,112.57%,"16:16 ET"
SPY,240.69,Put,332.00,09/30/20,198,91.93,94.13,96.33,86.96,524,168,3.12,21.19%,"15:16 ET"
SPY,240.69,Put,254.00,04/15/20,30,25.16,27.41,29.66,26.96,540,173,3.12,68.38%,"16:07 ET"
XLF,19.89,Call,21.00,03/27/20,11,0.71,2.81,4.90,1.43,674,216,3.12,136.72%,03/16/20
QQQ,169.3,Put,179.00,06/19/20,95,22.44,24.69,26.94,23.58,1156,370,3.12,53.19%,"16:07 ET"
SPY,240.69,Call,295.00,03/31/20,15,0.23,0.26,0.28,0.24,13434,4310,3.12,51.14%,"16:29 ET"
SPY,240.69,Put,245.00,03/18/20,2,11.65,12.07,12.48,12.42,14546,4664,3.12,134.71%,"16:29 ET"
SPY,240.69,Put,200.00,05/01/20,46,10.71,10.89,11.07,11.33,1869,601,3.11,86.63%,"16:25 ET"
OIH,3.9,Call,4.00,04/17/20,32,0.20,0.48,0.76,0.74,508,164,3.1,170.45%,03/16/20
TQQQ,37.25,Call,47.00,03/20/20,4,1.67,2.04,2.40,2.20,695,224,3.1,333.99%,"16:14 ET"
SPY,240.69,Call,278.00,03/23/20,7,0.41,1.1,1.79,0.44,5644,1825,3.09,63.48%,"16:14 ET"
USO,6.05,Call,9.00,05/15/20,60,0.15,0.16,0.16,0.16,845,274,3.08,85.37%,03/16/20
INDA,23.94,Put,25.00,09/18/20,186,3.30,3.95,4.60,3.50,892,290,3.08,44.13%,03/16/20
SPY,240.69,Put,229.00,03/18/20,2,5.68,5.95,6.22,6.27,2388,776,3.08,156.84%,"16:30 ET"
SPY,240.69,Put,214.00,03/18/20,2,2.74,2.88,3.01,3.08,2069,675,3.07,175.71%,"16:26 ET"
IWM,103.62,Put,103.00,03/31/20,15,7.02,7.69,8.35,8.10,2149,701,3.07,101.21%,03/16/20
QQQ,169.3,Put,160.00,03/27/20,11,5.60,7.22,8.83,6.70,4749,1549,3.07,94.36%,"16:30 ET"
HYG,75.65,Put,75.50,03/20/20,4,0.46,1.42,2.38,1.40,853,279,3.06,46.90%,"16:11 ET"
SPY,240.69,Call,267.00,03/27/20,11,3.83,3.98,4.12,3.48,842,276,3.05,72.27%,"16:14 ET"
SPY,240.69,Put,230.00,04/20/20,35,17.59,17.87,18.15,17.59,1070,351,3.05,77.15%,"16:18 ET"
SPY,240.69,Put,224.00,03/18/20,2,4.49,4.7,4.91,4.68,1739,571,3.05,158.03%,"16:30 ET"
SPY,240.69,Put,237.00,03/18/20,2,8.26,8.6,8.94,8.84,3491,1148,3.04,145.10%,"16:30 ET"
SPY,240.69,Call,275.00,03/23/20,7,0.77,0.86,0.94,0.77,4213,1389,3.03,67.50%,"16:17 ET"
SPY,240.69,Put,182.00,03/20/20,4,1.09,1.17,1.24,0.94,768,255,3.01,169.06%,"16:16 ET"
SLV,12,Call,13.00,07/17/20,123,0.87,0.91,0.95,0.90,1319,438,3.01,45.66%,03/16/20
SPY,240.69,Call,286.00,03/23/20,7,0.15,0.19,0.22,0.16,5643,1883,3,61.52%,"16:15 ET"
IWM,103.62,Put,90.00,04/17/20,32,4.38,4.93,5.48,5.10,10379,3459,3,93.05%,03/16/20
SPY,240.69,Call,261.00,03/20/20,4,3.09,3.3,3.50,3.30,8480,2852,2.97,102.44%,"16:21 ET"
SLV,12,Call,12.00,12/31/20,290,1.76,1.82,1.87,1.80,566,192,2.95,40.90%,03/16/20
JNUG,8.2,Call,10.00,03/20/20,4,1.00,1.3,1.59,1.45,3273,1110,2.95,599.77%,03/16/20
SPY,240.69,Put,150.00,04/15/20,30,1.47,1.51,1.55,1.32,1333,453,2.94,103.18%,"16:17 ET"
UVXY,90.14,Call,85.00,03/20/20,4,14.15,18.6,23.05,18.00,1596,542,2.94,421.48%,03/16/20
VXX,59.5,Put,40.00,04/17/20,32,3.25,3.55,3.85,3.34,4944,1682,2.94,179.70%,"16:29 ET"
GLD,141.14,Call,145.00,03/27/20,11,2.72,2.86,3.00,2.60,665,227,2.93,42.69%,"16:14 ET"
SPY,240.69,Put,255.00,03/16/20,0,11.56,12.45,13.34,13.67,22810,7795,2.93,0.00%,"16:28 ET"
SPY,240.69,Call,256.00,03/23/20,7,6.00,6.31,6.61,6.41,659,226,2.92,94.17%,"16:16 ET"
TQQQ,37.25,Call,50.00,03/27/20,11,2.00,2.13,2.25,2.25,1524,523,2.91,228.29%,"16:14 ET"
SPY,240.69,Put,247.00,03/31/20,15,18.79,19.8,20.80,21.65,1725,593,2.91,91.28%,"16:14 ET"
SLV,12,Call,13.50,03/27/20,11,0.20,0.23,0.26,0.24,924,319,2.9,86.96%,03/16/20
GLD,141.14,Put,130.00,01/21/22,676,7.00,9.5,12.00,11.09,827,286,2.89,24.27%,"16:11 ET"
GDX,22.49,Call,17.00,03/20/20,4,3.60,5.43,7.25,5.10,3341,1158,2.89,0.00%,03/16/20
NUGT,10.41,Call,19.00,01/15/21,305,0.00,2.48,4.95,3.68,529,184,2.88,147.45%,03/16/20
SPY,240.69,Put,233.00,03/23/20,7,9.09,10.17,11.24,11.17,561,195,2.88,110.11%,"16:16 ET"
UPRO,23.53,Call,70.00,01/15/21,305,0.00,1.25,2.50,1.00,701,243,2.88,82.59%,03/16/20
SPY,240.69,Call,255.00,03/27/20,11,8.51,8.73,8.95,8.60,1951,677,2.88,87.24%,"16:29 ET"
VXX,59.5,Put,45.00,03/20/20,4,1.17,1.34,1.50,1.30,4790,1673,2.86,274.78%,"16:27 ET"
SPY,240.69,Put,225.00,03/25/20,9,7.66,8.69,9.72,9.85,1302,457,2.85,111.72%,"16:29 ET"
SPY,240.69,Put,228.00,03/18/20,2,5.42,5.68,5.93,5.66,1872,659,2.84,152.83%,"16:17 ET"
SPY,240.69,Put,238.00,04/17/20,32,20.47,20.79,21.10,21.16,17031,5998,2.84,79.00%,"16:29 ET"
SPY,240.69,Put,253.00,03/23/20,7,19.31,19.91,20.51,21.42,805,284,2.83,102.35%,"16:12 ET"
VXX,59.5,Call,17.00,09/18/20,186,41.50,42.45,43.40,44.90,3003,1062,2.83,161.19%,"15:54 ET"
SPY,240.69,Put,200.00,03/27/20,11,4.25,4.48,4.70,4.50,33547,11845,2.83,117.22%,"16:30 ET"
XOP,8.66,Put,5.00,09/18/20,186,0.79,0.86,0.92,0.69,995,353,2.82,109.81%,03/16/20
SPY,240.69,Call,241.00,03/18/20,2,11.30,11.45,11.60,11.00,523,186,2.81,162.86%,"16:29 ET"
SPY,240.69,Put,150.00,04/03/20,18,0.92,0.97,1.02,1.00,1266,450,2.81,125.74%,"16:29 ET"
SLV,12,Call,14.00,03/27/20,11,0.12,0.14,0.16,0.13,1185,424,2.79,81.69%,03/16/20
SPY,240.69,Call,245.00,04/17/20,32,19.33,19.7,20.06,19.35,3475,1245,2.79,75.90%,"16:28 ET"
SPY,240.69,Put,252.00,03/16/20,0,9.50,9.93,10.37,10.20,7144,2557,2.79,0.00%,"16:29 ET"
SPY,240.69,Put,360.00,03/20/20,4,117.47,119.19,120.90,108.33,2000,719,2.78,0.00%,"12:28 ET"
QQQ,169.3,Put,182.00,04/17/20,32,19.02,20.53,22.03,22.08,3797,1367,2.78,72.72%,"16:14 ET"
TQQQ,37.25,Put,30.00,03/27/20,11,3.90,4.1,4.30,4.10,704,254,2.77,312.20%,"16:14 ET"
SPXL,22.51,Call,48.00,01/15/21,305,1.05,1.78,2.50,1.35,1158,418,2.77,72.19%,03/16/20
GLD,141.14,Call,147.50,03/20/20,4,1.14,1.26,1.38,0.92,890,323,2.76,51.70%,"16:11 ET"
SPY,240.69,Call,274.00,03/25/20,9,1.34,1.46,1.57,1.27,941,341,2.76,66.16%,"16:15 ET"
SPY,240.69,Call,255.00,03/20/20,4,5.42,5.74,6.06,5.79,23174,8386,2.76,114.71%,"16:30 ET"
TQQQ,37.25,Call,55.00,04/03/20,18,0.00,2,4.00,2.00,837,305,2.74,197.04%,"16:12 ET"
EEM,31.63,Put,32.00,03/27/20,11,2.23,2.87,3.50,2.30,3995,1469,2.72,96.25%,03/16/20
JNUG,8.2,Call,10.00,06/19/20,95,3.10,4.3,5.50,3.65,899,332,2.71,260.96%,03/16/20
SPY,240.69,Put,242.00,03/23/20,7,14.03,14.42,14.81,15.25,1428,527,2.71,106.70%,"16:25 ET"
SPY,240.69,Put,190.00,04/01/20,16,3.72,3.86,3.99,3.95,1936,715,2.71,109.86%,"16:26 ET"
SPY,240.69,Call,251.00,07/17/20,123,23.98,25.84,27.69,24.60,2710,1001,2.71,51.81%,"16:14 ET"
SPY,240.69,Put,202.00,03/23/20,7,1.60,2.61,3.62,3.87,990,366,2.7,133.73%,"16:27 ET"
IWM,103.62,Call,120.00,06/19/20,95,4.05,4.69,5.32,4.49,2026,751,2.7,46.85%,03/16/20
QQQ,169.3,Call,180.00,03/20/20,4,4.50,4.75,5.00,5.05,12499,4670,2.68,129.59%,"16:29 ET"
OILU,1.28,Call,2.00,01/21/22,676,0.65,0.83,1.00,1.00,1338,502,2.67,197.55%,03/16/20
UCO,3.92,Call,10.00,10/16/20,214,0.30,0.33,0.37,0.35,1463,552,2.65,111.12%,03/16/20
SPY,240.69,Put,218.00,03/20/20,4,5.39,5.61,5.82,5.87,2486,940,2.64,148.93%,"16:28 ET"
XLK,72.56,Put,76.00,03/20/20,4,3.05,5.53,8.00,4.82,1129,429,2.63,89.56%,03/16/20
SPY,240.69,Put,281.00,07/17/20,123,50.87,52.94,55.00,51.34,1164,443,2.63,45.09%,"16:01 ET"
SPY,240.69,Put,205.00,04/17/20,32,9.42,9.61,9.80,9.69,7300,2774,2.63,88.55%,"16:29 ET"
EWZ,22.38,Call,30.00,04/17/20,32,0.57,1.28,1.99,0.99,4343,1660,2.62,116.91%,03/16/20
DIA,202.49,Call,256.00,04/17/20,32,0.66,2.06,3.45,2.31,867,332,2.61,64.35%,03/16/20
KRE,32.5,Put,33.00,04/17/20,32,4.60,5.9,7.20,5.20,1103,423,2.61,129.33%,03/16/20
SPY,240.69,Put,220.00,03/18/20,2,3.70,3.88,4.06,4.00,20411,7827,2.61,165.94%,"16:29 ET"
TQQQ,37.25,Call,49.00,03/20/20,4,1.00,1.64,2.28,1.65,571,220,2.6,319.78%,"16:15 ET"
SPY,240.69,Call,252.00,03/23/20,7,7.75,8.15,8.54,8.68,914,351,2.6,102.36%,"16:16 ET"
SPY,240.69,Call,250.00,01/15/21,305,27.17,28.78,30.39,29.00,2215,853,2.6,36.62%,"16:14 ET"
SPY,240.69,Put,238.00,03/23/20,7,10.96,12.05,13.13,13.42,909,351,2.59,108.91%,"16:25 ET"
JNUG,8.2,Call,9.00,03/20/20,4,1.65,1.8,1.95,1.78,1300,501,2.59,610.95%,03/16/20
GLD,141.14,Call,120.00,06/19/20,95,21.55,22.98,24.40,22.90,2163,838,2.58,29.14%,"14:52 ET"
SPY,240.69,Put,220.00,03/23/20,7,6.77,7.02,7.26,7.50,5865,2274,2.58,121.94%,"16:26 ET"
VXX,59.5,Put,40.00,03/27/20,11,1.35,1.55,1.75,1.36,1435,558,2.57,216.98%,"16:14 ET"
IWM,103.62,Put,100.00,03/27/20,11,5.40,5.95,6.50,6.24,4063,1580,2.57,112.81%,03/16/20
SPY,240.69,Put,288.00,07/17/20,123,54.96,57.11,59.25,57.66,1721,673,2.56,46.98%,"16:06 ET"
SPY,240.69,Put,218.00,03/18/20,2,3.35,3.52,3.68,3.80,1854,723,2.56,171.84%,"16:27 ET"
GLD,141.14,Call,140.00,04/17/20,32,6.75,6.93,7.10,6.00,1373,538,2.55,32.00%,"16:10 ET"
SPY,240.69,Call,265.00,04/03/20,18,6.55,6.82,7.09,6.71,2405,942,2.55,72.71%,"16:08 ET"
SPY,240.69,Put,192.50,03/20/20,4,1.80,1.9,2.00,2.02,2920,1144,2.55,170.88%,"16:14 ET"
USO,6.05,Call,6.00,10/16/20,214,1.25,1.3,1.35,1.25,559,220,2.54,66.03%,03/16/20
XLF,19.89,Put,20.00,04/03/20,18,0.15,2.53,4.90,1.16,640,252,2.54,63.01%,03/16/20
QQQ,169.3,Call,180.00,03/27/20,11,5.85,6.93,8.00,6.60,1025,404,2.54,92.00%,"16:29 ET"
SPY,240.69,Put,261.00,03/16/20,0,18.45,18.82,19.19,21.70,3725,1466,2.54,0.00%,"16:12 ET"
SPY,240.69,Put,190.00,03/18/20,2,0.66,0.73,0.79,0.75,11151,4395,2.54,198.42%,"16:30 ET"
SPY,240.69,Call,240.00,04/17/20,32,22.06,22.45,22.83,22.00,2100,829,2.53,77.53%,"16:28 ET"
SPY,240.69,Put,165.00,04/09/20,24,2.14,2.21,2.27,2.34,1766,702,2.52,109.53%,"16:26 ET"
SPY,240.69,Put,205.00,03/30/20,14,5.52,5.7,5.88,6.23,1768,705,2.51,108.37%,"16:15 ET"
SPY,240.69,Put,227.00,03/18/20,2,5.17,5.42,5.66,5.98,2034,809,2.51,163.56%,"16:27 ET"
SPY,240.69,Call,282.00,03/23/20,7,0.26,0.31,0.36,0.30,4423,1762,2.51,63.63%,"16:15 ET"
SPY,240.69,Call,275.00,03/27/20,11,1.62,1.76,1.90,1.80,5796,2313,2.51,67.30%,"16:29 ET"
SPY,240.69,Call,270.00,03/18/20,2,1.03,1.12,1.20,1.08,16840,6721,2.51,123.77%,"16:30 ET"
QQQ,169.3,Call,215.00,04/09/20,24,0.28,0.6,0.91,0.60,832,333,2.5,56.90%,"16:01 ET"
GDX,22.49,Call,18.00,03/20/20,4,2.80,4.73,6.65,3.75,2049,821,2.5,0.00%,03/16/20
EWZ,22.38,Call,26.00,03/20/20,4,0.00,1.7,3.40,0.68,726,291,2.49,197.30%,03/16/20
SPY,240.69,Call,270.00,07/17/20,123,14.18,16.16,18.13,16.00,1485,596,2.49,47.86%,"16:22 ET"
SPXU,35.7,Call,34.00,04/17/20,32,9.80,11.4,13.00,10.40,883,356,2.48,235.70%,03/16/20
SPY,240.69,Call,243.00,03/18/20,2,9.95,10.36,10.77,10.00,1489,601,2.48,161.36%,"16:29 ET"
SPY,240.69,Put,185.00,06/30/20,106,10.70,11.58,12.45,12.89,2066,833,2.48,74.77%,"16:25 ET"
SPY,240.69,Put,226.00,03/18/20,2,4.94,5.17,5.40,5.44,2230,898,2.48,160.26%,"16:28 ET"
SPY,240.69,Put,257.00,03/16/20,0,14.44,14.84,15.23,15.46,6322,2547,2.48,0.00%,"16:28 ET"
SPY,240.69,Put,239.00,04/01/20,16,16.43,16.78,17.13,17.45,508,206,2.47,89.93%,"16:10 ET"
SPY,240.69,Put,175.00,03/27/20,11,1.70,1.78,1.86,1.77,3045,1240,2.46,131.46%,"16:15 ET"
SPY,240.69,Put,246.00,03/18/20,2,12.13,12.56,12.99,13.13,4749,1931,2.46,136.13%,"16:27 ET"
TLT,164,Call,169.00,03/20/20,4,2.94,4.85,6.75,4.00,549,225,2.44,89.30%,"16:06 ET"
SPY,240.69,Call,244.00,04/17/20,32,19.87,20.24,20.60,19.90,1487,609,2.44,76.34%,"16:29 ET"
XLF,19.89,Call,21.00,03/20/20,4,0.31,0.88,1.44,0.90,1727,708,2.44,162.27%,03/16/20
SPY,240.69,Put,177.00,03/20/20,4,0.85,0.92,0.98,0.96,1868,768,2.43,183.71%,"16:15 ET"
TQQQ,37.25,Call,70.00,04/03/20,18,0.25,1.63,3.00,0.32,569,235,2.42,164.80%,"14:43 ET"
TQQQ,37.25,Call,55.00,03/20/20,4,0.50,0.75,1.00,0.42,3061,1270,2.41,260.16%,"16:13 ET"
XLF,19.89,Put,19.00,03/27/20,11,0.92,1.96,3.00,1.53,621,259,2.4,144.98%,"16:15 ET"
UVXY,90.14,Call,110.00,03/20/20,4,7.55,8.75,9.95,10.52,658,274,2.4,455.61%,"16:15 ET"
GDX,22.49,Put,18.00,03/20/20,4,0.33,1,1.67,0.35,815,340,2.4,208.49%,"16:14 ET"
SPY,240.69,Call,264.00,03/23/20,7,3.08,3.3,3.53,3.41,2320,967,2.4,84.31%,"16:30 ET"
SPY,240.69,Put,244.00,03/18/20,2,11.05,11.46,11.86,12.35,4338,1814,2.39,142.18%,"16:22 ET"
SPY,240.69,Put,195.00,05/01/20,46,9.51,9.68,9.85,10.31,523,220,2.38,88.90%,"16:14 ET"
SPY,240.69,Call,260.00,04/01/20,16,7.67,7.97,8.27,7.81,904,380,2.38,75.99%,"16:26 ET"
QQQ,169.3,Put,160.00,04/03/20,18,7.52,8.63,9.74,8.80,1488,626,2.38,89.12%,"16:16 ET"
SLV,12,Call,13.00,06/30/20,106,0.87,0.88,0.89,0.82,1612,677,2.38,46.16%,"16:07 ET"
VXX,59.5,Call,75.00,03/20/20,4,2.36,2.83,3.30,3.40,1796,755,2.38,328.13%,"16:29 ET"
GDX,22.49,Call,31.50,05/15/20,60,0.17,0.51,0.85,0.64,2835,1192,2.38,78.73%,"16:08 ET"
QQQ,169.3,Call,182.00,03/20/20,4,3.03,4.52,6.00,3.71,3465,1453,2.38,117.38%,"16:24 ET"
SPY,240.69,Call,283.00,07/17/20,123,8.49,10.5,12.50,12.00,786,331,2.37,46.70%,"15:44 ET"
SPY,240.69,Call,257.00,05/15/20,60,18.57,18.92,19.27,18.71,662,281,2.36,65.33%,"16:09 ET"
SPY,240.69,Put,195.00,03/30/20,14,3.90,4.05,4.19,4.45,1128,478,2.36,112.89%,"16:15 ET"
SPY,240.69,Put,225.00,03/18/20,2,4.70,4.93,5.15,5.30,6679,2838,2.35,163.33%,"16:29 ET"
SPY,240.69,Call,279.00,03/23/20,7,0.44,0.79,1.14,0.43,5528,2362,2.34,64.40%,"16:27 ET"
XLE,27.81,Put,28.00,04/17/20,32,3.75,4.63,5.50,4.10,656,281,2.33,122.83%,"16:13 ET"
SPY,240.69,Call,247.00,03/25/20,9,11.26,11.71,12.15,10.47,736,316,2.33,90.00%,"16:14 ET"
IWM,103.62,Call,117.00,03/20/20,4,0.00,0.75,1.50,0.86,1005,433,2.32,106.42%,"16:20 ET"
UVXY,90.14,Call,90.00,03/27/20,11,15.55,20.53,25.50,26.00,1052,453,2.32,424.88%,"16:15 ET"
SPY,240.69,Put,195.00,03/18/20,2,0.93,0.99,1.05,1.00,3541,1525,2.32,192.42%,"16:30 ET"
TLT,164,Call,172.50,04/09/20,24,4.50,5.85,7.20,5.00,592,256,2.31,49.80%,"16:02 ET"
SPY,240.69,Call,259.00,03/23/20,7,4.85,5.1,5.35,5.05,606,262,2.31,89.42%,"16:17 ET"
SPY,240.69,Call,288.00,01/15/21,305,9.50,11.89,14.28,12.14,623,270,2.31,30.64%,"14:18 ET"
SPY,240.69,Put,248.00,07/17/20,123,35.19,35.42,35.65,33.13,626,272,2.3,52.71%,"14:25 ET"
SPY,240.69,Call,276.00,12/18/20,277,13.92,15.81,17.69,17.87,1261,549,2.3,35.71%,"14:53 ET"
SPY,240.69,Put,150.00,04/24/20,39,2.11,2.16,2.21,1.85,1993,868,2.3,97.57%,"16:18 ET"
GDXJ,26.68,Call,25.00,01/21/22,676,8.20,10.1,12.00,8.68,577,253,2.28,54.94%,"16:10 ET"
VXX,59.5,Put,49.00,03/20/20,4,2.26,2.63,3.00,2.25,508,224,2.27,272.02%,"16:15 ET"
GDX,22.49,Call,20.00,05/15/20,60,3.75,4.33,4.90,3.30,548,243,2.26,50.92%,"15:50 ET"
SPY,240.69,Call,251.00,05/15/20,60,21.62,21.91,22.20,20.57,623,276,2.26,64.46%,"16:13 ET"
SPY,240.69,Call,288.00,03/31/20,15,0.00,0.29,0.57,0.45,4898,2171,2.26,51.56%,"16:27 ET"
SPY,240.69,Call,268.00,03/20/20,4,1.34,1.54,1.74,1.44,8029,3558,2.26,90.64%,"16:17 ET"
SPY,240.69,Call,265.00,03/20/20,4,2.08,2.19,2.30,2.03,24651,10916,2.26,94.16%,"16:29 ET"
XLF,19.89,Call,20.00,03/20/20,4,1.20,1.6,2.00,1.30,787,352,2.24,162.60%,"16:13 ET"
SPY,240.69,Put,250.00,05/01/20,46,27.29,29.21,31.13,29.00,1005,449,2.24,69.04%,"16:18 ET"
SPY,240.69,Call,250.00,03/23/20,7,8.70,9.11,9.53,8.93,2409,1076,2.24,98.90%,"16:29 ET"
SPY,240.69,Call,251.00,03/18/20,2,6.21,6.46,6.71,5.94,3224,1441,2.24,146.17%,"16:24 ET"
EFA,47.45,Call,55.00,01/15/21,305,2.15,3.83,5.50,2.34,16516,7383,2.24,27.27%,"15:59 ET"
YINN,9.66,Call,16.00,04/17/20,32,0.10,0.22,0.35,0.20,514,230,2.23,128.08%,"14:42 ET"
SPY,240.69,Call,230.00,03/18/20,2,18.25,18.59,18.93,18.00,1013,455,2.23,179.59%,"16:26 ET"
SPY,240.69,Call,266.00,03/23/20,7,2.55,2.72,2.90,2.25,3051,1371,2.23,75.46%,"16:14 ET"
SPY,240.69,Put,358.00,06/19/20,95,116.82,118.64,120.46,113.80,569,256,2.22,0.00%,"14:58 ET"
QQQ,169.3,Call,212.00,04/03/20,18,0.21,0.52,0.82,0.52,2436,1103,2.21,60.94%,"16:03 ET"
SPY,240.69,Call,283.00,03/23/20,7,0.23,0.62,1.00,0.27,3157,1426,2.21,63.58%,"16:27 ET"
SPY,240.69,Call,325.00,04/24/20,39,0.24,0.29,0.33,0.26,707,321,2.2,44.04%,"15:54 ET"
SPY,240.69,Put,236.00,03/18/20,2,7.89,8.22,8.55,8.80,3289,1496,2.2,151.28%,"16:29 ET"
VXX,59.5,Call,55.00,04/03/20,18,11.85,12.38,12.90,12.63,654,298,2.19,202.96%,"16:16 ET"
SPY,240.69,Put,213.00,03/20/20,4,4.40,4.59,4.78,4.18,2751,1255,2.19,144.13%,"16:19 ET"
XLF,19.89,Call,24.00,03/20/20,4,0.06,0.11,0.15,0.12,10869,4968,2.19,131.69%,"16:17 ET"
VXX,59.5,Call,65.00,04/03/20,18,8.20,8.7,9.20,9.79,596,273,2.18,226.04%,"16:11 ET"
SPY,240.69,Call,252.00,05/15/20,60,21.00,21.29,21.57,20.63,1597,731,2.18,65.60%,"16:11 ET"
SPY,240.69,Put,247.00,09/18/20,186,35.47,37.47,39.48,32.89,1733,795,2.18,43.95%,"13:02 ET"
SPY,240.69,Put,174.00,03/20/20,4,0.73,0.78,0.84,0.64,543,250,2.17,177.20%,"16:18 ET"
DIA,202.49,Call,230.00,03/20/20,4,1.75,3,4.25,1.85,1244,577,2.16,113.27%,"16:23 ET"
SPY,240.69,Call,249.00,03/20/20,4,8.15,8.58,9.01,8.75,2738,1265,2.16,125.42%,"16:16 ET"
SPY,240.69,Call,268.00,03/23/20,7,2.03,2.18,2.34,2.34,2866,1327,2.16,79.97%,"16:17 ET"
SPY,240.69,Put,255.00,03/23/20,7,20.49,21.17,21.84,23.22,4274,1975,2.16,105.85%,"16:14 ET"
IWM,103.62,Call,120.00,04/17/20,32,1.60,2.33,3.05,5.98,6737,3117,2.16,94.76%,"16:16 ET"
SPY,240.69,Call,262.00,03/20/20,4,2.87,3.06,3.25,3.02,10972,5079,2.16,101.30%,"16:29 ET"
EWU,21.14,Put,17.00,04/17/20,32,0.55,0.85,1.15,0.75,995,462,2.15,100.42%,"16:12 ET"
VXX,59.5,Put,45.00,03/27/20,11,2.70,3,3.30,2.73,1014,472,2.15,223.23%,"16:25 ET"
XLU,52.19,Call,52.00,03/20/20,4,0.00,2.45,4.90,1.90,1154,537,2.15,107.32%,"16:13 ET"
KWEB,40.37,Call,50.00,04/17/20,32,0.35,0.73,1.10,0.58,516,241,2.14,64.79%,"14:55 ET"
QQQ,169.3,Call,180.00,03/31/20,15,5.31,7.56,9.81,7.80,892,416,2.14,87.81%,"16:29 ET"
UVXY,90.14,Put,60.00,03/20/20,4,2.90,2.95,3.00,2.60,1828,853,2.14,396.46%,"16:27 ET"
VXX,59.5,Call,80.00,03/27/20,11,3.55,4,4.45,4.46,3668,1713,2.14,252.74%,"16:18 ET"
SPY,240.69,Put,130.00,04/24/20,39,0.96,1.01,1.06,0.90,1186,558,2.13,105.48%,"16:15 ET"
SPY,240.69,Put,237.00,03/23/20,7,12.03,12.39,12.74,12.00,592,279,2.12,101.90%,"16:19 ET"
GDX,22.49,Call,22.00,04/17/20,32,1.90,3.05,4.20,2.50,1770,835,2.12,85.16%,"16:14 ET"
SPY,240.69,Put,235.00,03/27/20,11,13.36,13.69,14.02,14.72,5450,2568,2.12,104.08%,"16:22 ET"
SPY,240.69,Call,280.00,05/15/20,60,8.55,8.8,9.04,8.58,11428,5415,2.11,55.36%,"16:22 ET"
SPY,240.69,Put,327.00,07/17/20,123,86.24,88.17,90.10,90.00,564,270,2.09,45.63%,"16:11 ET"
QQQ,169.3,Call,178.00,03/20/20,4,4.77,6.22,7.67,5.80,2850,1363,2.09,131.31%,"16:29 ET"
TQQQ,37.25,Call,61.50,03/20/20,4,0.11,0.56,1.00,0.15,610,293,2.08,255.40%,"15:55 ET"
SPY,240.69,Put,202.00,03/25/20,9,4.19,4.35,4.50,4.33,696,335,2.08,123.05%,"16:21 ET"
UVXY,90.14,Call,120.00,03/20/20,4,7.75,8.63,9.50,8.30,1144,550,2.08,457.15%,"16:29 ET"
USO,6.05,Put,6.00,05/15/20,60,0.80,0.89,0.98,0.91,1207,581,2.08,97.45%,"15:42 ET"
SPY,240.69,Put,234.00,06/19/20,95,25.91,26.88,27.85,27.47,1902,915,2.08,64.19%,"16:17 ET"
SPY,240.69,Put,205.00,03/23/20,7,3.81,3.97,4.12,4.44,3774,1818,2.08,132.92%,"16:24 ET"
SPY,240.69,Call,254.00,05/15/20,60,20.10,20.39,20.67,19.21,659,319,2.07,63.85%,"16:14 ET"
SPY,240.69,Call,244.00,03/20/20,4,10.86,11.34,11.83,10.76,2256,1092,2.07,125.89%,"16:29 ET"
GDX,22.49,Call,38.00,01/15/21,305,0.20,1.2,2.20,1.07,1838,892,2.06,53.62%,"15:53 ET"
SPY,240.69,Put,243.00,03/18/20,2,10.72,11.12,11.51,11.45,3762,1828,2.06,137.61%,"16:26 ET"
SPY,240.69,Put,235.00,03/18/20,2,7.78,8.14,8.50,8.18,10876,5269,2.06,148.91%,"16:29 ET"
SPY,240.69,Put,215.00,03/23/20,7,5.63,5.85,6.06,5.31,2273,1110,2.05,115.54%,"16:19 ET"
NUGT,10.41,Call,13.00,03/20/20,4,1.26,1.48,1.71,1.50,537,263,2.04,539.31%,"16:14 ET"
SPY,240.69,Put,219.00,03/23/20,7,6.53,6.77,7.00,6.54,936,462,2.03,116.12%,"16:17 ET"
VXX,59.5,Put,44.00,03/20/20,4,0.96,1.12,1.27,1.02,1187,586,2.03,267.54%,"16:21 ET"
XLF,19.89,Put,17.50,03/20/20,4,0.00,1.55,3.10,0.59,1223,603,2.03,191.55%,"16:14 ET"
IWM,103.62,Put,90.00,03/27/20,11,2.62,3.02,3.42,3.26,2198,1082,2.03,125.44%,"16:29 ET"
XLP,52.77,Call,52.00,03/20/20,4,0.50,3,5.50,3.15,560,277,2.02,125.48%,"16:04 ET"
XLF,19.89,Call,20.50,03/20/20,4,0.37,0.89,1.40,1.21,1302,643,2.02,177.39%,"16:17 ET"
SPY,240.69,Put,232.00,03/18/20,2,6.56,6.85,7.14,6.71,2104,1041,2.02,145.97%,"16:30 ET"
SPY,240.69,Put,210.00,03/18/20,2,2.24,2.37,2.49,2.40,12711,6281,2.02,177.58%,"16:30 ET"
XLF,19.89,Call,22.00,09/18/20,186,0.80,1.8,2.80,2.38,13192,6528,2.02,55.22%,"16:14 ET"
SPY,240.69,Call,286.00,01/15/21,305,10.30,12.65,15.00,14.23,648,322,2.01,32.68%,"14:50 ET"
SPY,240.69,Put,210.00,04/15/20,30,10.21,10.42,10.63,10.00,722,360,2.01,85.26%,"16:17 ET"
QQQ,169.3,Call,204.00,03/27/20,11,0.11,0.81,1.50,0.47,1025,510,2.01,66.06%,"16:13 ET"
USO,6.05,Put,4.00,07/17/20,123,0.33,0.34,0.34,0.34,3994,1983,2.01,94.84%,"16:15 ET"
SLV,12,Put,11.50,04/09/20,24,0.65,0.68,0.70,0.69,515,257,2,77.00%,"10:54 ET"
TQQQ,37.25,Put,48.00,03/20/20,4,7.00,11.48,15.95,11.42,917,458,2,221.37%,"16:12 ET"
XLP,52.77,Call,58.00,04/17/20,32,0.75,1.73,2.70,1.48,1220,609,2,53.06%,"16:08 ET"
SPY,240.69,Call,268.00,03/18/20,2,1.30,1.39,1.48,1.43,3182,1593,2,127.98%,"16:30 ET"
GDX,22.49,Call,22.00,03/20/20,4,1.25,1.71,2.16,1.54,8485,4244,2,137.70%,"16:14 ET"
GDXJ,26.68,Call,30.00,05/15/20,60,2.25,3.93,5.60,5.60,527,265,1.99,158.02%,"16:14 ET"
SPY,240.69,Put,180.00,04/15/20,30,2.60,3.55,4.50,4.86,975,491,1.99,99.90%,"16:15 ET"
SPY,240.69,Put,194.00,03/23/20,7,2.41,2.52,2.62,2.30,1033,518,1.99,130.63%,"16:17 ET"
USO,6.05,Put,5.50,03/27/20,11,0.36,0.37,0.38,0.38,1369,695,1.97,154.97%,"16:13 ET"
SPY,240.69,Call,269.00,03/27/20,11,3.12,3.3,3.48,3.83,1639,834,1.97,78.08%,"16:16 ET"
SPY,240.69,Put,187.00,04/17/20,32,5.77,5.91,6.06,6.14,1995,1014,1.97,95.51%,"16:14 ET"
SPY,240.69,Call,259.00,03/18/20,2,3.27,3.51,3.74,3.43,2626,1331,1.97,139.79%,"16:30 ET"
SPY,240.69,Call,250.00,03/20/20,4,7.89,8.2,8.50,7.88,29551,15010,1.97,120.13%,"16:30 ET"
SPY,240.69,Put,190.00,04/15/20,30,5.86,6.01,6.16,6.10,665,340,1.96,94.17%,"16:29 ET"
KWEB,40.37,Put,33.00,05/15/20,60,0.85,1.65,2.45,1.60,514,264,1.95,73.89%,"12:47 ET"
SPY,240.69,Call,258.00,07/17/20,123,19.93,22,24.07,22.35,772,396,1.95,52.41%,"15:50 ET"
IWM,103.62,Put,124.00,03/20/20,4,19.35,20.23,21.10,16.91,8764,4484,1.95,0.00%,"15:11 ET"
SPY,240.69,Put,250.00,03/18/20,2,14.06,14.43,14.80,14.14,14818,7600,1.95,111.86%,"16:30 ET"
OIH,3.9,Put,3.50,03/20/20,4,0.16,0.38,0.59,0.20,505,260,1.94,237.68%,"16:12 ET"
SPY,240.69,Call,249.00,05/15/20,60,22.66,22.95,23.24,22.64,595,306,1.94,67.79%,"16:15 ET"
USO,6.05,Call,18.00,01/21/22,676,0.11,0.13,0.15,0.11,1057,545,1.94,45.62%,"15:21 ET"
XLF,19.89,Put,22.00,09/18/20,186,3.60,5.55,7.50,4.30,13027,6717,1.94,54.94%,"15:02 ET"
QQQ,169.3,Call,196.00,03/31/20,15,0.06,2.11,4.17,1.60,572,296,1.93,64.71%,"16:14 ET"
XLF,19.89,Call,24.00,01/21/22,676,1.90,3.7,5.50,2.40,597,310,1.93,33.39%,"16:27 ET"
SPY,240.69,Call,248.00,03/31/20,15,12.74,13.02,13.30,12.48,939,486,1.93,82.06%,"16:15 ET"
GLD,141.14,Put,132.00,01/21/22,676,9.35,11.43,13.50,11.08,1000,521,1.92,23.01%,"15:51 ET"
SPY,240.69,Put,120.00,07/17/20,123,2.47,2.53,2.58,2.60,2833,1474,1.92,82.77%,"16:15 ET"
SPY,240.69,Put,232.00,03/20/20,4,7.91,8.82,9.73,9.37,7682,3999,1.92,131.39%,"16:30 ET"
SPY,240.69,Put,220.00,03/25/20,9,6.25,7.38,8.50,8.57,2665,1402,1.9,116.03%,"16:28 ET"
SPY,240.69,Call,245.00,03/20/20,4,10.29,10.77,11.24,10.21,5810,3063,1.9,124.55%,"16:29 ET"
TQQQ,37.25,Call,54.00,03/20/20,4,0.40,0.6,0.80,0.60,532,282,1.89,275.37%,"16:14 ET"
EWZ,22.38,Put,17.00,01/15/21,305,2.26,3.08,3.90,2.34,692,366,1.89,65.98%,"15:53 ET"
GLD,141.14,Call,150.00,04/03/20,18,2.03,2.14,2.26,1.97,749,397,1.89,40.50%,"16:14 ET"
VXX,59.5,Call,75.00,04/17/20,32,7.25,7.7,8.15,7.15,911,482,1.89,172.32%,"16:17 ET"
SPY,240.69,Call,253.00,03/18/20,2,5.38,5.66,5.94,5.51,2804,1481,1.89,148.97%,"16:29 ET"
SPY,240.69,Call,270.00,03/27/20,11,2.87,3.03,3.19,3.01,5845,3100,1.89,72.59%,"16:29 ET"
SPY,240.69,Put,165.00,04/24/20,39,3.54,3.61,3.68,3.29,1370,729,1.88,94.39%,"16:16 ET"
SPY,240.69,Put,316.00,07/17/20,123,76.21,78.25,80.29,74.41,1712,913,1.88,9.86%,"14:23 ET"
SPY,240.69,Put,239.00,03/18/20,2,9.02,9.38,9.74,9.36,1864,999,1.87,138.52%,"16:30 ET"
SPY,240.69,Call,269.00,03/20/20,4,1.27,1.38,1.48,1.42,7133,3808,1.87,92.34%,"16:21 ET"
SPY,240.69,Call,285.00,03/18/20,2,0.12,0.14,0.15,0.14,11062,5931,1.87,111.05%,"16:29 ET"
GDX,22.49,Call,21.00,03/20/20,4,0.61,1.76,2.90,2.30,1972,1059,1.86,157.82%,"16:14 ET"
SPY,240.69,Put,245.00,07/17/20,123,33.79,34.93,36.06,34.73,8264,4440,1.86,58.79%,"16:15 ET"
SPY,240.69,Put,180.00,03/23/20,7,0.78,1.11,1.43,1.45,893,482,1.85,145.66%,"16:22 ET"
UUP,26.56,Put,26.00,04/17/20,32,0.20,0.33,0.45,0.29,1047,565,1.85,17.28%,"16:29 ET"
SPY,240.69,Put,175.00,04/03/20,18,2.49,2.56,2.63,2.73,1082,584,1.85,115.34%,"16:14 ET"
DIA,202.49,Put,195.00,03/20/20,4,7.35,8.43,9.50,7.45,1085,586,1.85,130.21%,"16:18 ET"
SPY,240.69,Put,170.00,03/30/20,14,1.50,1.55,1.60,1.68,1741,940,1.85,123.45%,"16:29 ET"
SPY,240.69,Put,160.00,04/24/20,39,3.00,3.07,3.13,3.25,1412,769,1.84,100.00%,"16:27 ET"
SPY,240.69,Call,275.00,03/31/20,15,2.23,2.38,2.53,2.25,6938,3773,1.84,61.68%,"16:29 ET"
GLD,141.14,Call,170.00,03/19/21,368,5.20,6.38,7.55,5.20,618,337,1.83,23.98%,"16:10 ET"
EEM,31.63,Put,31.23,03/31/20,15,1.95,2.08,2.20,2.00,832,454,1.83,86.83%,"15:48 ET"
SPY,240.69,Call,279.00,03/27/20,11,1.00,1.09,1.17,0.95,1237,676,1.83,60.96%,"16:24 ET"
SPY,240.69,Put,192.00,03/20/20,4,1.76,1.86,1.96,2.02,3428,1872,1.83,172.39%,"16:23 ET"
SPY,240.69,Put,238.00,03/18/20,2,8.63,8.98,9.33,8.67,3665,2008,1.83,135.79%,"16:30 ET"
SPY,240.69,Call,280.00,03/31/20,15,1.24,1.35,1.46,1.33,3780,2067,1.83,57.74%,"16:26 ET"
VXX,59.5,Put,20.00,05/15/20,60,0.45,0.5,0.55,0.47,21647,11832,1.83,164.67%,"16:29 ET"
SPY,240.69,Put,222.00,03/20/20,4,6.31,6.55,6.78,6.89,2951,1622,1.82,146.02%,"16:29 ET"
GDX,22.49,Put,19.50,03/27/20,11,0.57,1.2,1.82,1.00,567,313,1.81,150.58%,"16:14 ET"
SLV,12,Call,12.00,07/17/20,123,1.25,1.31,1.36,1.27,571,315,1.81,44.80%,"16:13 ET"
SVXY,28.23,Put,30.00,03/20/20,4,2.15,3.08,4.00,3.10,683,377,1.81,173.07%,"16:13 ET"
QQQ,169.3,Put,130.00,06/30/20,106,7.74,8.24,8.73,8.50,772,426,1.81,73.12%,"16:13 ET"
USO,6.05,Call,6.50,03/27/20,11,0.32,0.35,0.38,0.39,801,443,1.81,135.38%,"16:08 ET"
SPY,240.69,Put,210.00,04/13/20,28,9.54,10.5,11.45,9.97,942,520,1.81,88.09%,"16:28 ET"
SPY,240.69,Put,205.00,03/27/20,11,5.22,5.4,5.57,5.33,6419,3556,1.81,114.28%,"16:30 ET"
SPY,240.69,Put,200.00,04/01/20,16,5.20,5.65,6.10,5.30,7512,4158,1.81,103.67%,"16:30 ET"
SLV,12,Put,11.00,03/27/20,11,0.37,0.4,0.43,0.40,1311,728,1.8,101.25%,"16:08 ET"
IWM,103.62,Put,95.00,04/03/20,18,4.70,5.28,5.86,4.76,1588,884,1.8,95.76%,"16:00 ET"
QQQ,169.3,Call,180.00,05/15/20,60,13.22,15.21,17.19,15.53,760,424,1.79,72.01%,"16:18 ET"
SPY,240.69,Call,280.00,10/16/20,214,11.13,13.21,15.29,13.00,2884,1614,1.79,35.43%,"16:15 ET"
SPY,240.69,Call,266.00,03/20/20,4,1.73,1.92,2.10,1.87,8670,4839,1.79,93.84%,"16:25 ET"
VXX,59.5,Put,17.00,05/15/20,60,0.28,0.29,0.30,0.28,38750,21605,1.79,169.67%,"16:11 ET"
IWM,103.62,Put,88.00,03/20/20,4,0.85,1.24,1.63,1.32,1921,1078,1.78,157.14%,"16:15 ET"
SPY,240.69,Call,270.00,03/20/20,4,1.21,1.21,1.22,1.24,36843,20737,1.78,90.84%,"16:30 ET"
SPY,240.69,Call,253.00,05/15/20,60,20.56,20.87,21.17,22.80,727,410,1.77,72.16%,"15:10 ET"
GLD,141.14,Put,135.00,09/18/20,186,5.00,6.4,7.80,7.07,958,540,1.77,26.28%,"14:41 ET"
SPY,240.69,Put,249.00,05/15/20,60,30.67,30.96,31.25,33.04,996,563,1.77,72.66%,"16:14 ET"
SPY,240.69,Call,277.00,03/27/20,11,1.28,1.39,1.50,1.24,1124,635,1.77,62.89%,"16:27 ET"
SPY,240.69,Call,300.00,04/15/20,30,0.74,0.78,0.83,0.75,2032,1148,1.77,47.10%,"16:25 ET"
UVXY,90.14,Put,65.00,03/20/20,4,3.50,4.05,4.60,4.10,524,297,1.76,407.31%,"16:21 ET"
SPY,240.69,Put,247.00,07/17/20,123,34.73,34.96,35.19,37.00,562,320,1.76,60.77%,"16:12 ET"
QQQ,169.3,Call,185.00,04/17/20,32,6.80,8.43,10.05,8.65,1360,774,1.76,72.57%,"16:23 ET"
SPY,240.69,Put,252.00,09/18/20,186,37.50,39.68,41.85,37.34,1787,1013,1.76,46.10%,"14:17 ET"
SPY,240.69,Call,264.00,03/20/20,4,2.32,2.48,2.64,2.39,8076,4582,1.76,97.33%,"16:18 ET"
SPY,240.69,Put,239.00,06/19/20,95,29.54,30.76,31.97,30.69,956,546,1.75,65.26%,"16:23 ET"
GDX,22.49,Put,15.00,01/15/21,305,1.15,1.5,1.85,1.20,5160,2953,1.75,58.79%,"16:01 ET"
SLV,12,Call,13.00,04/17/20,32,0.52,0.55,0.58,0.55,5386,3079,1.75,65.36%,"16:14 ET"
SPY,240.69,Put,233.00,07/17/20,123,28.72,28.94,29.15,29.07,506,291,1.74,60.65%,"16:06 ET"
USO,6.05,Put,2.00,01/21/22,676,0.05,0.11,0.18,0.13,622,358,1.74,64.51%,"16:04 ET"
SPY,240.69,Call,271.00,07/17/20,123,13.84,15.76,17.68,15.90,1124,647,1.74,48.21%,"16:16 ET"
SPY,240.69,Put,240.00,03/25/20,9,14.37,14.74,15.11,14.17,2342,1343,1.74,94.19%,"16:30 ET"
QQQ,169.3,Put,150.00,05/15/20,60,10.90,12.33,13.75,12.05,13234,7621,1.74,79.53%,"16:22 ET"
SPY,240.69,Put,268.00,03/25/20,9,29.78,30.48,31.18,32.90,550,318,1.73,93.55%,"16:14 ET"
SPY,240.69,Call,243.00,03/20/20,4,11.44,11.93,12.43,11.96,1205,695,1.73,133.59%,"16:30 ET"
SMH,101.97,Put,97.00,04/17/20,32,7.80,8.55,9.30,8.20,604,352,1.72,90.17%,"16:11 ET"
EWP,18.1,Put,16.00,04/17/20,32,1.15,1.3,1.45,1.30,1214,704,1.72,109.93%,"16:14 ET"
SPY,240.69,Call,305.00,12/16/22,1005,10.35,15.18,20.00,16.50,1523,885,1.72,21.14%,"16:11 ET"
SPY,240.69,Call,304.00,05/15/20,60,2.11,2.18,2.25,2.06,3947,2299,1.72,43.68%,"16:14 ET"
SPY,240.69,Put,287.00,07/17/20,123,54.36,56.36,58.35,52.12,1079,631,1.71,36.70%,"15:30 ET"
TQQQ,37.25,Put,35.00,03/20/20,4,4.60,4.78,4.95,4.95,1390,813,1.71,401.50%,"16:14 ET"
SPY,240.69,Put,181.00,04/17/20,32,4.82,4.95,5.07,4.84,2145,1258,1.71,95.29%,"16:21 ET"
SPY,240.69,Call,265.00,03/18/20,2,1.86,1.96,2.06,2.05,6276,3668,1.71,133.68%,"16:30 ET"
SPY,240.69,Call,294.00,03/25/20,9,0.11,0.12,0.13,0.13,1590,937,1.7,59.49%,"16:30 ET"
SPY,240.69,Put,279.00,07/17/20,123,49.67,51.58,53.49,49.15,1105,653,1.69,43.74%,"14:34 ET"
USO,6.05,Call,8.00,05/15/20,60,0.28,0.3,0.32,0.30,1122,664,1.69,87.02%,"16:12 ET"
SPY,240.69,Put,244.00,03/20/20,4,13.78,14.14,14.49,14.33,5311,3142,1.69,120.50%,"16:17 ET"
SPY,240.69,Call,273.00,03/20/20,4,0.71,0.81,0.91,0.90,14485,8578,1.69,89.06%,"16:20 ET"
XBI,65.95,Put,66.00,03/20/20,4,0.70,2.93,5.15,2.48,657,392,1.68,89.34%,"16:09 ET"
SPY,240.69,Put,140.00,04/13/20,28,0.61,0.77,0.94,0.93,768,456,1.68,111.89%,"16:14 ET"
SLV,12,Call,13.00,03/27/20,11,0.32,0.36,0.39,0.34,853,508,1.68,84.71%,"16:14 ET"
SPY,240.69,Call,264.00,03/31/20,15,5.63,5.81,6.00,5.17,1155,688,1.68,68.93%,"16:14 ET"
SPY,240.69,Put,180.00,04/13/20,28,3.89,3.99,4.08,4.36,1578,939,1.68,99.66%,"16:27 ET"
SPY,240.69,Call,277.00,03/23/20,7,0.55,0.63,0.71,0.50,2176,1296,1.68,63.89%,"16:14 ET"
SPY,240.69,Put,230.00,04/06/20,21,13.00,14,14.99,15.25,3321,1971,1.68,88.63%,"16:29 ET"
EWG,18.73,Put,17.00,07/17/20,123,1.90,1.95,2.00,1.85,511,306,1.67,64.92%,"14:50 ET"
IWM,103.62,Put,107.00,03/20/20,4,6.48,7.23,7.98,7.40,713,428,1.67,126.49%,"16:15 ET"
XOP,8.66,Call,12.00,05/15/20,60,0.53,0.6,0.67,0.68,1245,746,1.67,115.42%,"16:13 ET"
SMH,101.97,Put,94.00,03/20/20,4,2.34,2.9,3.45,1.70,1517,907,1.67,113.53%,"15:30 ET"
SPY,240.69,Call,271.00,03/25/20,9,1.95,2.1,2.25,2.41,974,586,1.66,75.72%,"16:02 ET"
SPY,240.69,Put,150.00,03/27/20,11,0.61,0.66,0.70,0.65,2437,1465,1.66,148.30%,"16:30 ET"
SPY,240.69,Put,221.00,03/20/20,4,6.06,6.3,6.53,5.86,2933,1767,1.66,137.49%,"16:17 ET"
SPY,240.69,Call,240.00,03/20/20,4,13.12,13.63,14.14,13.33,3047,1832,1.66,133.70%,"16:29 ET"
VXX,59.5,Call,55.00,03/20/20,4,8.20,8.8,9.40,9.75,4386,2639,1.66,305.71%,"16:21 ET"
SPY,240.69,Put,174.00,04/17/20,32,3.73,3.88,4.02,4.07,688,417,1.65,98.92%,"16:13 ET"
QQQ,169.3,Put,100.00,05/15/20,60,1.73,1.87,2.01,2.00,5036,3046,1.65,95.99%,"16:14 ET"
SPY,240.69,Call,258.00,03/23/20,7,5.19,5.48,5.76,4.82,552,336,1.64,85.20%,"16:14 ET"
SPY,240.69,Put,207.00,03/23/20,7,4.13,4.29,4.45,4.05,577,351,1.64,123.09%,"16:17 ET"
SPY,240.69,Put,203.00,03/25/20,9,2.57,3.62,4.67,4.34,610,372,1.64,120.84%,"16:07 ET"
SPY,240.69,Put,218.00,03/23/20,7,6.29,6.53,6.76,7.57,695,425,1.64,128.59%,"16:13 ET"
SPY,240.69,Put,233.00,03/18/20,2,6.87,7.18,7.48,7.60,2107,1283,1.64,153.14%,"16:29 ET"
SPY,240.69,Put,195.00,04/24/20,39,8.43,8.6,8.77,8.68,601,369,1.63,89.05%,"16:29 ET"
TNA,14.45,Call,40.00,07/17/20,123,0.20,0.35,0.49,0.25,702,430,1.63,102.42%,"13:25 ET"
SPY,240.69,Put,210.00,04/09/20,24,9.22,9.43,9.64,9.80,1360,836,1.63,94.21%,"16:28 ET"
SPY,240.69,Call,267.00,03/23/20,7,2.27,2.44,2.61,2.23,1517,928,1.63,76.96%,"16:26 ET"
SPY,240.69,Put,249.00,03/18/20,2,13.70,14.14,14.58,14.97,2797,1716,1.63,134.91%,"16:23 ET"
GDX,22.49,Call,27.00,04/17/20,32,0.30,0.68,1.05,1.00,5529,3386,1.63,91.58%,"16:14 ET"
IWM,103.62,Put,109.00,03/20/20,4,7.46,8.31,9.16,10.39,1030,637,1.62,166.99%,"16:14 ET"
QQQ,169.3,Call,179.00,06/19/20,95,16.22,18.1,19.99,17.00,1120,691,1.62,60.14%,"16:14 ET"
SPY,240.69,Call,255.00,05/15/20,60,19.61,19.88,20.16,19.50,1632,1006,1.62,65.54%,"16:24 ET"
SPY,240.69,Put,241.00,03/18/20,2,9.94,10.27,10.60,9.94,1776,1094,1.62,131.95%,"16:30 ET"
HYG,75.65,Put,70.00,06/19/20,95,2.31,2.78,3.25,2.91,6148,3785,1.62,36.32%,"16:01 ET"
VXX,59.5,Call,80.00,03/20/20,4,1.85,2.22,2.58,2.72,6454,3974,1.62,337.70%,"16:27 ET"
SPY,240.69,Call,247.00,03/23/20,7,10.21,10.66,11.10,10.10,506,314,1.61,99.30%,"16:26 ET"
SPY,240.69,Call,260.00,04/03/20,18,8.57,8.84,9.10,8.70,912,565,1.61,76.16%,"16:15 ET"
GDX,22.49,Call,19.00,03/20/20,4,2.05,3.6,5.15,3.30,1511,936,1.61,0.00%,"16:05 ET"
TQQQ,37.25,Call,52.00,03/20/20,4,0.85,1.03,1.20,0.90,756,473,1.6,288.69%,"16:14 ET"
SPY,240.69,Put,157.00,05/15/20,60,4.19,4.29,4.38,4.47,835,521,1.6,91.80%,"16:25 ET"
SPY,240.69,Put,160.00,07/17/20,123,5.78,6.83,7.87,7.26,3059,1913,1.6,73.11%,"16:01 ET"
SPY,240.69,Put,251.00,03/23/20,7,18.21,18.85,19.48,20.72,807,509,1.59,107.18%,"16:13 ET"
IWM,103.62,Put,101.00,03/20/20,4,4.12,4.71,5.30,4.77,833,523,1.59,140.49%,"16:18 ET"
SPY,240.69,Put,209.00,05/15/20,60,15.16,15.36,15.55,16.47,988,620,1.59,82.01%,"16:13 ET"
GLD,141.14,Put,130.00,05/15/20,60,2.46,2.59,2.71,2.61,1019,641,1.59,31.44%,"15:48 ET"
XLF,19.89,Call,21.00,04/17/20,32,1.70,2.23,2.75,1.88,1666,1050,1.59,99.07%,"16:10 ET"
XLF,19.89,Put,22.50,03/20/20,4,1.30,2.35,3.40,2.60,5667,3570,1.59,30.39%,"16:01 ET"
QQQ,169.3,Put,172.00,03/20/20,4,6.00,8.28,10.56,8.41,5727,3602,1.59,98.19%,"16:29 ET"
SPY,240.69,Call,300.00,04/01/20,16,0.21,0.24,0.26,0.20,6479,4078,1.59,51.37%,"16:29 ET"
SPY,240.69,Call,252.00,03/20/20,4,6.73,7.11,7.49,6.50,7141,4478,1.59,112.64%,"16:24 ET"
EWQ,20.64,Put,20.00,04/17/20,32,1.65,1.85,2.05,1.90,515,326,1.58,92.75%,"16:15 ET"
GUSH,0.61,Call,10.00,01/15/21,305,0.05,0.1,0.15,0.10,1955,1235,1.58,204.04%,"16:04 ET"
QQQ,169.3,Call,180.00,06/19/20,95,16.50,17.93,19.36,15.92,2058,1306,1.58,58.08%,"16:14 ET"
SPY,240.69,Put,190.00,07/17/20,123,14.33,14.48,14.62,14.80,4498,2843,1.58,70.10%,"16:29 ET"
SPY,240.69,Put,219.00,03/20/20,4,4.00,5.03,6.05,6.30,5028,3190,1.58,150.53%,"16:26 ET"
GDXJ,26.68,Call,31.00,03/20/20,4,0.45,0.88,1.31,1.00,600,382,1.57,217.53%,"15:52 ET"
SPY,240.69,Call,241.00,04/17/20,32,21.50,21.88,22.26,21.75,614,391,1.57,78.25%,"16:26 ET"
SPY,240.69,Put,249.00,03/23/20,7,16.76,17.77,18.77,19.38,674,428,1.57,106.68%,"16:15 ET"
IWM,103.62,Put,80.00,05/15/20,60,3.57,3.99,4.40,6.58,4337,2782,1.56,107.28%,"16:14 ET"
SPY,240.69,Put,253.00,03/16/20,0,10.45,11.11,11.77,11.11,10681,6843,1.56,0.00%,"16:26 ET"
SPY,240.69,Put,205.00,03/25/20,9,4.67,4.85,5.03,4.84,862,555,1.55,121.38%,"16:21 ET"
SPY,240.69,Put,260.00,03/16/20,0,17.53,18.19,18.85,18.67,13364,8644,1.55,0.00%,"16:28 ET"
TQQQ,37.25,Call,56.00,03/20/20,4,0.15,0.77,1.40,0.67,592,385,1.54,302.36%,"16:14 ET"
TQQQ,37.25,Call,65.00,03/27/20,11,0.20,0.67,1.15,0.21,904,586,1.54,177.25%,"16:14 ET"
HYG,75.65,Put,71.00,06/19/20,95,2.07,3.29,4.50,3.20,1367,889,1.54,35.70%,"16:03 ET"
SPY,240.69,Put,246.00,09/18/20,186,34.97,36.93,38.88,38.13,1814,1176,1.54,52.54%,"16:11 ET"
SPY,240.69,Call,280.00,03/23/20,7,0.37,0.48,0.58,0.39,5787,3759,1.54,64.39%,"16:18 ET"
UVXY,90.14,Call,80.00,01/15/21,305,42.55,47.55,52.55,52.00,544,355,1.53,164.24%,"16:09 ET"
SPY,240.69,Call,247.00,05/15/20,60,23.59,23.89,24.19,23.87,600,393,1.53,68.90%,"15:52 ET"
SPY,240.69,Put,252.00,03/23/20,7,18.75,19.37,19.99,21.50,630,412,1.53,108.18%,"16:14 ET"
SPY,240.69,Put,246.00,07/17/20,123,34.28,34.51,34.74,36.50,869,567,1.53,60.94%,"16:13 ET"
SPY,240.69,Call,263.00,03/31/20,15,5.93,6.21,6.48,5.83,1049,685,1.53,71.54%,"16:15 ET"
GLD,141.14,Call,160.00,06/18/21,459,6.50,8.75,11.00,7.95,1939,1267,1.53,21.80%,"15:43 ET"
XLK,72.56,Put,78.00,06/19/20,95,9.55,12.03,14.50,11.23,669,439,1.52,55.28%,"16:11 ET"
SMH,101.97,Put,90.00,04/17/20,32,5.50,6.55,7.60,5.08,1219,801,1.52,88.47%,"16:05 ET"
SPY,240.69,Put,195.00,03/27/20,11,3.67,3.8,3.94,3.55,1478,972,1.52,117.57%,"16:17 ET"
SPY,240.69,Call,270.00,03/30/20,14,3.23,3.44,3.64,3.60,804,533,1.51,68.78%,"16:21 ET"
VXX,59.5,Call,70.00,04/17/20,32,8.45,8.93,9.40,9.25,1056,701,1.51,183.63%,"16:15 ET"
SPY,240.69,Put,200.00,04/06/20,21,6.21,6.39,6.56,6.17,1599,1058,1.51,96.39%,"16:21 ET"
SPY,240.69,Put,180.00,04/24/20,39,5.60,5.73,5.86,5.50,1936,1283,1.51,91.59%,"16:15 ET"
SPY,240.69,Call,266.00,03/18/20,2,1.58,1.72,1.86,1.54,3298,2182,1.51,124.80%,"16:28 ET"
SPY,240.69,Put,289.00,06/30/20,106,55.63,57.34,59.04,55.00,510,341,1.5,42.20%,"15:46 ET"
NUGT,10.41,Call,47.00,06/19/20,95,0.05,0.72,1.38,0.74,668,446,1.5,207.34%,"13:05 ET"
GLD,141.14,Call,125.00,09/30/20,198,18.05,19.78,21.50,19.50,528,354,1.49,21.07%,"14:29 ET"
QQQ,169.3,Call,194.00,06/19/20,95,8.95,10.92,12.88,12.61,565,379,1.49,61.55%,"15:42 ET"
SPY,240.69,Put,185.00,03/23/20,7,1.63,1.72,1.81,1.80,668,448,1.49,142.14%,"16:29 ET"
BKLN,19.38,Put,16.00,04/17/20,32,0.30,0.35,0.40,0.55,1151,772,1.49,84.25%,"14:31 ET"
TQQQ,37.25,Call,51.00,03/20/20,4,0.61,1.31,2.00,1.99,533,359,1.48,371.61%,"16:14 ET"
QQQ,169.3,Call,217.00,05/15/20,60,0.77,2.64,4.51,1.80,813,551,1.48,47.78%,"14:33 ET"
GLD,141.14,Put,142.00,01/21/22,676,13.50,16,18.50,16.35,1005,678,1.48,23.73%,"15:51 ET"
SPY,240.69,Put,180.00,03/27/20,11,2.08,2.17,2.26,2.28,4851,3273,1.48,130.55%,"16:27 ET"
SPY,240.69,Put,220.00,03/20/20,4,5.83,6.06,6.29,6.00,55176,37366,1.48,143.01%,"16:30 ET"
SPY,240.69,Put,224.00,03/23/20,7,7.81,8.08,8.34,9.25,593,404,1.47,124.79%,"16:13 ET"
SPXL,22.51,Call,30.00,03/20/20,4,0.95,1.13,1.30,0.95,795,542,1.47,321.70%,"16:14 ET"
SPY,240.69,Put,188.00,04/17/20,32,5.95,6.1,6.24,5.70,1782,1210,1.47,91.51%,"16:08 ET"
SPY,240.69,Put,225.00,12/17/21,641,31.00,35.53,40.06,32.00,2184,1495,1.46,34.65%,"16:29 ET"
XLF,19.89,Put,19.00,03/20/20,4,0.70,0.9,1.10,1.02,8306,5683,1.46,175.42%,"16:14 ET"
SPY,240.69,Put,150.00,06/19/20,95,5.07,5.14,5.20,5.30,13182,9037,1.46,83.35%,"16:24 ET"
GDX,22.49,Put,20.00,05/15/20,60,1.32,2.69,4.05,2.10,629,434,1.45,94.26%,"15:57 ET"
IWM,103.62,Call,114.50,03/20/20,4,0.54,1.31,2.08,1.10,654,451,1.45,102.10%,"16:14 ET"
EWP,18.1,Put,17.00,03/20/20,4,0.50,0.55,0.60,0.58,693,478,1.45,142.04%,"16:15 ET"
SPY,240.69,Call,274.00,03/23/20,7,0.90,0.99,1.08,1.06,1470,1013,1.45,71.56%,"16:17 ET"
SPY,240.69,Call,250.00,03/27/20,11,10.75,11.06,11.37,10.88,1689,1167,1.45,90.79%,"16:28 ET"
TQQQ,37.25,Put,40.00,03/20/20,4,6.65,7.08,7.50,7.39,3043,2093,1.45,369.31%,"16:14 ET"
SPY,240.69,Put,326.00,07/17/20,123,85.45,87.45,89.45,84.05,537,372,1.44,18.98%,"14:34 ET"
SPY,240.69,Call,248.00,05/15/20,60,23.06,23.36,23.66,22.38,762,528,1.44,66.10%,"16:14 ET"
VXX,59.5,Put,38.00,03/20/20,4,0.35,0.51,0.67,0.44,1294,896,1.44,289.77%,"16:15 ET"
QQQ,169.3,Call,205.00,04/03/20,18,0.50,1.31,2.11,1.29,2179,1516,1.44,66.70%,"14:48 ET"
SPY,240.69,Put,200.00,04/13/20,28,7.28,7.46,7.63,7.75,2937,2036,1.44,92.29%,"16:22 ET"
SPY,240.69,Put,225.00,04/09/20,24,13.73,14,14.27,15.23,513,358,1.43,92.62%,"16:13 ET"
SPY,240.69,Put,209.00,03/20/20,4,3.80,3.93,4.06,4.00,3132,2186,1.43,155.15%,"16:29 ET"
SPY,240.69,Put,235.00,03/31/20,15,12.59,13.67,14.75,15.40,4523,3162,1.43,92.81%,"16:27 ET"
SPY,240.69,Put,200.00,03/30/20,14,4.65,4.81,4.97,5.12,6276,4400,1.43,109.28%,"16:28 ET"
SPY,240.69,Put,211.00,05/15/20,60,15.77,15.98,16.18,16.59,606,428,1.42,79.93%,"16:25 ET"
SPY,240.69,Put,215.00,04/01/20,16,8.45,8.68,8.91,8.93,1264,892,1.42,99.55%,"16:21 ET"
SPY,240.69,Put,217.00,03/18/20,2,3.11,3.29,3.47,3.51,2587,1816,1.42,170.82%,"16:29 ET"
SPY,240.69,Put,145.00,04/01/20,16,0.63,0.68,0.72,0.64,536,379,1.41,130.32%,"16:15 ET"
EWZ,22.38,Put,20.00,03/27/20,11,1.43,1.71,2.00,1.50,700,495,1.41,172.32%,"16:11 ET"
SPY,240.69,Call,257.00,03/18/20,2,3.94,4.16,4.37,3.70,2908,2059,1.41,136.71%,"16:25 ET"
SLV,12,Call,14.00,05/15/20,60,0.42,0.44,0.46,0.41,3115,2210,1.41,54.07%,"16:09 ET"
DIA,202.49,Call,220.00,03/20/20,4,3.90,4.85,5.80,4.85,688,491,1.4,131.03%,"16:27 ET"
QQQ,169.3,Put,178.00,04/17/20,32,17.59,19.09,20.59,18.52,2293,1634,1.4,67.86%,"16:22 ET"
SPXS,23.74,Call,26.00,03/20/20,4,2.15,2.58,3.00,2.90,610,440,1.39,380.70%,"16:15 ET"
SPY,240.69,Call,268.00,03/27/20,11,3.44,3.62,3.79,4.17,693,497,1.39,79.31%,"16:16 ET"
SPY,240.69,Put,269.00,06/30/20,106,43.76,45.45,47.14,47.69,711,512,1.39,58.56%,"16:13 ET"
XLV,82,Call,93.00,04/17/20,32,1.06,1.4,1.74,1.30,1090,784,1.39,48.85%,"16:11 ET"
SPY,240.69,Put,201.00,05/15/20,60,11.12,12.13,13.13,13.45,2250,1620,1.39,81.97%,"16:15 ET"
VXX,59.5,Call,80.00,04/17/20,32,6.20,6.65,7.10,7.35,3947,2848,1.39,191.59%,"16:22 ET"
SPY,240.69,Put,230.00,03/25/20,9,10.71,11.02,11.32,10.57,4311,3111,1.39,102.20%,"16:16 ET"
SPY,240.69,Put,150.00,03/20/20,4,0.16,0.18,0.20,0.20,20326,14667,1.39,204.32%,"16:30 ET"
SPY,240.69,Call,259.00,07/17/20,123,19.45,21.49,23.53,22.04,674,487,1.38,52.48%,"16:05 ET"
QQQ,169.3,Put,105.00,03/20/20,4,0.00,0.1,0.19,0.11,728,528,1.38,200.71%,"15:58 ET"
SPY,240.69,Put,327.50,03/20/20,4,85.46,86.91,88.37,85.88,1408,1018,1.38,0.00%,"15:47 ET"
SPY,240.69,Call,265.00,03/31/20,15,5.26,5.52,5.78,5.58,1893,1368,1.38,72.87%,"16:17 ET"
SPY,240.69,Put,200.00,03/25/20,9,3.90,4.04,4.18,4.34,3082,2234,1.38,127.79%,"16:22 ET"
TQQQ,37.25,Call,50.00,03/20/20,4,1.38,1.44,1.50,1.35,5595,4047,1.38,307.58%,"16:15 ET"
SPY,240.69,Call,260.00,03/27/20,11,6.38,6.54,6.70,6.10,6761,4909,1.38,80.29%,"16:27 ET"
UVXY,90.14,Call,150.00,03/20/20,4,3.35,4.43,5.50,4.75,2441,1776,1.37,483.45%,"16:21 ET"
EWJ,43.22,Put,40.00,04/17/20,32,1.74,1.82,1.90,1.90,3080,2247,1.37,66.93%,"16:14 ET"
IWM,103.62,Put,105.00,03/27/20,11,7.35,8.06,8.77,8.01,1101,808,1.36,101.56%,"16:29 ET"
SPY,240.69,Call,260.00,07/17/20,123,19.02,21.05,23.08,20.25,1173,865,1.36,49.87%,"16:13 ET"
SPY,240.69,Call,265.00,05/15/20,60,14.87,15.11,15.35,14.61,2806,2063,1.36,61.42%,"16:14 ET"
SPY,240.69,Call,259.00,03/20/20,4,3.84,4.1,4.35,3.87,3141,2302,1.36,104.28%,"16:29 ET"
IWM,103.62,Put,95.00,03/27/20,11,3.75,4.33,4.91,4.51,5019,3686,1.36,118.33%,"16:15 ET"
SPY,240.69,Put,190.00,04/17/20,32,6.30,6.45,6.60,6.70,33970,24934,1.36,94.65%,"16:28 ET"
SPY,240.69,Put,230.00,03/20/20,4,8.71,8.9,9.08,9.00,57768,42599,1.36,136.39%,"16:30 ET"
QQQ,169.3,Call,224.00,05/15/20,60,0.30,2.01,3.71,1.35,734,542,1.35,48.37%,"15:55 ET"
SPY,240.69,Put,216.00,05/15/20,60,17.39,17.6,17.81,17.41,1048,776,1.35,76.23%,"16:18 ET"
SPY,240.69,Put,184.00,04/17/20,32,5.28,5.42,5.55,5.50,1178,873,1.35,95.63%,"16:22 ET"
SPY,240.69,Put,221.00,05/15/20,60,19.11,19.33,19.55,20.79,1268,938,1.35,79.60%,"16:13 ET"
UVXY,90.14,Put,55.00,03/20/20,4,1.93,2.06,2.19,1.80,1495,1104,1.35,407.09%,"16:21 ET"
SPY,240.69,Call,276.00,03/23/20,7,0.64,0.73,0.82,0.55,1706,1268,1.35,63.89%,"16:14 ET"
SPY,240.69,Call,310.00,04/01/20,16,0.07,0.11,0.15,0.10,2160,1600,1.35,52.44%,"16:21 ET"
SLV,12,Put,9.00,04/17/20,32,0.13,0.15,0.16,0.15,2201,1625,1.35,83.07%,"16:13 ET"
SPY,240.69,Put,231.00,03/18/20,2,6.25,6.54,6.82,6.80,2646,1953,1.35,153.33%,"16:29 ET"
NUGT,10.41,Call,16.00,03/20/20,4,0.62,0.8,0.99,0.70,504,375,1.34,481.83%,"16:03 ET"
SPY,240.69,Put,232.00,06/19/20,95,26.63,26.83,27.03,26.65,1241,926,1.34,64.67%,"16:17 ET"
SLV,12,Put,12.00,03/27/20,11,0.80,0.81,0.81,0.78,1270,950,1.34,94.32%,"16:10 ET"
SPY,240.69,Put,232.00,05/15/20,60,23.26,23.51,23.76,24.00,1344,1002,1.34,73.80%,"16:10 ET"
SPY,240.69,Put,236.00,03/20/20,4,10.49,10.83,11.16,10.48,6823,5083,1.34,124.16%,"16:30 ET"
SPY,240.69,Put,242.50,03/27/20,11,16.39,16.77,17.14,17.40,556,418,1.33,96.53%,"16:25 ET"
VXX,59.5,Call,49.00,04/17/20,32,16.25,16.8,17.35,17.43,567,426,1.33,180.28%,"16:15 ET"
SPY,240.69,Put,215.00,05/01/20,46,13.10,14.22,15.34,15.80,594,446,1.33,82.87%,"16:23 ET"
SPY,240.69,Put,205.00,04/06/20,21,7.24,7.43,7.62,7.37,944,711,1.33,95.57%,"16:15 ET"
QQQ,169.3,Call,211.00,04/03/20,18,0.24,0.59,0.93,0.69,1017,763,1.33,63.60%,"15:41 ET"
UVXY,90.14,Put,50.00,03/20/20,4,1.10,1.42,1.74,1.12,1873,1409,1.33,411.71%,"16:28 ET"
SPY,240.69,Put,239.00,03/20/20,4,11.61,11.97,12.33,12.90,4015,3008,1.33,133.54%,"16:27 ET"
SPY,240.69,Call,280.00,03/18/20,2,0.25,0.28,0.30,0.29,11012,8252,1.33,114.22%,"16:30 ET"
UVXY,90.14,Call,25.00,09/18/20,186,66.30,71.3,76.30,72.00,13716,10344,1.33,212.80%,"15:59 ET"
VXX,59.5,Put,27.00,03/27/20,11,0.11,0.16,0.21,0.17,578,437,1.32,237.12%,"16:19 ET"
SPY,240.69,Put,211.00,03/23/20,7,4.84,5.03,5.21,5.30,596,452,1.32,126.42%,"16:15 ET"
NUGT,10.41,Call,41.00,06/19/20,95,0.35,1.03,1.70,0.86,616,465,1.32,203.68%,"13:20 ET"
SPY,240.69,Put,245.00,04/01/20,16,18.49,19.55,20.60,20.00,634,479,1.32,86.06%,"16:22 ET"
SPY,240.69,Call,262.00,03/25/20,9,4.67,4.95,5.23,4.90,922,696,1.32,83.29%,"15:57 ET"
VXX,59.5,Call,53.00,03/20/20,4,9.25,9.85,10.45,11.30,1812,1374,1.32,325.75%,"16:22 ET"
SPY,240.69,Call,258.00,03/18/20,2,3.57,3.8,4.02,4.00,2961,2248,1.32,145.85%,"16:30 ET"
SPY,240.69,Put,254.00,03/16/20,0,11.51,12.17,12.83,12.08,6191,4685,1.32,0.00%,"16:26 ET"
SPY,240.69,Call,273.00,03/30/20,14,2.43,2.61,2.78,3.21,537,409,1.31,69.56%,"15:59 ET"
GDX,22.49,Call,23.00,03/27/20,11,1.24,2.12,3.00,1.35,719,547,1.31,100.91%,"15:49 ET"
SPY,240.69,Put,155.00,07/17/20,123,6.76,6.84,6.92,6.92,1040,794,1.31,75.92%,"16:15 ET"
SPY,240.69,Put,244.00,09/18/20,186,34.05,36.14,38.24,33.44,2091,1602,1.31,47.32%,"14:20 ET"
SPY,240.69,Put,253.00,03/18/20,2,15.98,16.44,16.90,16.96,2798,2132,1.31,122.34%,"16:29 ET"
EEM,31.63,Call,38.00,04/17/20,32,0.13,2.52,4.90,0.68,4267,3263,1.31,67.53%,"16:02 ET"
SPY,240.69,Put,240.00,03/20/20,4,11.00,11.87,12.74,12.75,60193,45936,1.31,126.80%,"16:29 ET"
SPY,240.69,Call,248.00,03/23/20,7,9.70,10.13,10.56,10.42,501,384,1.3,104.68%,"16:21 ET"
DUST,7.66,Call,10.00,04/17/20,32,0.00,1.25,2.50,2.00,529,408,1.3,301.33%,"16:14 ET"
SPY,240.69,Call,400.00,01/21/22,676,0.80,1.15,1.50,0.95,773,594,1.3,19.01%,"16:26 ET"
SPY,240.69,Put,180.00,04/03/20,18,2.99,3.06,3.13,3.30,1830,1412,1.3,113.64%,"16:25 ET"
SPY,240.69,Put,200.00,04/15/20,30,7.81,7.99,8.17,7.67,2453,1882,1.3,88.77%,"16:21 ET"
SPY,240.69,Put,201.00,03/20/20,4,2.65,2.77,2.89,2.87,2522,1935,1.3,162.38%,"16:29 ET"
SLV,12,Call,14.00,04/17/20,32,0.28,0.3,0.32,0.31,3780,2904,1.3,65.71%,"16:14 ET"
VXX,59.5,Call,57.00,03/27/20,11,9.60,10.15,10.70,10.10,540,420,1.29,219.01%,"16:16 ET"
SPY,240.69,Put,224.00,05/15/20,60,20.19,20.42,20.65,21.50,702,544,1.29,77.68%,"16:14 ET"
SPY,240.69,Call,249.00,04/17/20,32,17.25,17.6,17.95,16.14,997,771,1.29,70.29%,"16:13 ET"
SPY,240.69,Put,308.00,07/17/20,123,69.50,71.48,73.45,72.88,1060,823,1.29,44.35%,"16:25 ET"
SPY,240.69,Put,172.00,03/20/20,4,0.66,0.72,0.77,0.74,1134,879,1.29,187.73%,"16:14 ET"
SPY,240.69,Call,281.00,03/27/20,11,0.75,1.39,2.03,0.86,1713,1325,1.29,61.64%,"16:19 ET"
SPY,240.69,Call,245.00,05/15/20,60,24.79,25.1,25.40,24.21,2117,1637,1.29,67.65%,"16:22 ET"
SPY,240.69,Call,267.00,03/18/20,2,1.47,1.56,1.65,1.33,2168,1684,1.29,122.35%,"16:27 ET"
SPY,240.69,Call,291.00,03/25/20,9,0.16,0.19,0.21,0.17,3319,2563,1.29,59.21%,"15:47 ET"
SPY,240.69,Call,255.00,06/18/21,459,22.61,28.17,33.72,30.34,647,507,1.28,32.31%,"15:43 ET"
SPY,240.69,Put,160.00,03/27/20,11,0.92,0.98,1.03,0.87,929,728,1.28,137.98%,"16:18 ET"
SMH,101.97,Put,105.00,04/17/20,32,11.10,12.5,13.90,10.96,1308,1021,1.28,77.51%,"16:08 ET"
GDXJ,26.68,Call,30.00,03/20/20,4,1.06,1.47,1.87,1.18,1463,1142,1.28,211.49%,"16:14 ET"
SPY,240.69,Put,240.00,04/03/20,18,17.81,18.16,18.51,18.73,2909,2265,1.28,88.37%,"16:29 ET"
SPY,240.69,Put,245.00,03/20/20,4,14.21,14.59,14.96,14.88,41822,33012,1.27,120.16%,"16:29 ET"
TQQQ,37.25,Put,26.00,03/20/20,4,1.30,2.15,2.99,1.50,505,401,1.26,412.25%,"16:13 ET"
GDX,22.49,Call,24.00,03/20/20,4,0.35,0.68,1.00,0.90,1736,1379,1.26,158.58%,"16:14 ET"
SPY,240.69,Put,210.00,03/30/20,14,6.52,6.72,6.92,6.84,2669,2125,1.26,102.75%,"16:29 ET"
SPY,240.69,Call,280.00,03/30/20,14,1.06,1.17,1.27,1.28,3902,3096,1.26,59.18%,"16:17 ET"
SPY,240.69,Call,255.00,04/17/20,32,14.30,14.62,14.94,14.71,4963,3925,1.26,73.08%,"16:29 ET"
EWJ,43.22,Call,49.00,04/17/20,32,0.00,0.35,0.70,0.50,906,722,1.25,42.68%,"15:00 ET"
SPY,240.69,Put,211.00,03/20/20,4,4.04,4.23,4.41,4.40,1295,1036,1.25,154.27%,"16:29 ET"
SPY,240.69,Put,155.00,03/27/20,11,0.51,0.68,0.85,0.86,1862,1492,1.25,146.77%,"16:24 ET"
SPY,240.69,Call,281.00,03/18/20,2,0.15,0.25,0.35,0.28,1943,1557,1.25,115.63%,"16:30 ET"
SPY,240.69,Put,251.00,03/18/20,2,14.82,15.25,15.67,14.12,2612,2088,1.25,99.87%,"16:20 ET"
VXX,59.5,Put,17.00,09/18/20,186,1.00,1.31,1.61,1.10,3047,2434,1.25,130.16%,"16:28 ET"
IWM,103.62,Put,98.00,03/20/20,4,3.11,3.67,4.23,2.30,8020,6391,1.25,108.80%,"16:19 ET"
GLD,141.14,Call,225.00,01/15/21,305,0.19,1.65,3.10,1.67,500,403,1.24,33.60%,"12:45 ET"
SPY,240.69,Put,199.00,03/23/20,7,2.98,3.09,3.21,3.29,529,425,1.24,133.60%,"16:29 ET"
UVXY,90.14,Call,140.00,03/20/20,4,5.00,6,7.00,5.00,864,695,1.24,453.25%,"16:14 ET"
VXX,59.5,Call,54.00,03/20/20,4,8.70,9.33,9.95,10.00,2084,1678,1.24,292.45%,"16:25 ET"
SPY,240.69,Put,245.00,03/23/20,7,15.25,16.36,17.46,15.46,6429,5190,1.24,95.37%,"16:16 ET"
SPY,240.69,Call,300.00,04/17/20,32,0.91,0.94,0.97,0.96,49701,39970,1.24,48.00%,"16:30 ET"
"Downloaded from Barchart.com as of 03-16-2020 04:00pm CDT"
