Date Inserted,Symbol,Price,Type,Strike,Exp Date,DTE,Bid,Midpoint,Ask,Last,Volume,Open Int,Vol/OI,IV,Time
2020-03-17,ARNC,17.65,Put,26.0,2020-04-17,31.0,8.35,9.58,10.8,8.49,48190.0,144.0,334.65,90.18,00:00
2020-03-17,BA,124.14,Call,120.0,2020-03-20,3.0,13.25,14.13,15.0,14.2,12816.0,159.0,80.6,272.74,00:00
2020-03-17,AMRN,10.52,Call,12.0,2020-04-17,31.0,2.1,2.3,2.51,2.51,22794.0,317.0,71.91,246.13,16:14
2020-03-17,AER,17.46,Put,20.0,2020-07-17,122.0,5.2,6.45,7.7,5.35,15613.0,234.0,66.72,94.57,00:00
2020-03-17,LB,10.13,Call,32.5,2020-08-21,157.0,0.0,0.28,0.55,0.3,10050.0,170.0,59.12,111.31,00:00
2020-03-17,EBAY,33.12,Call,35.0,2020-05-15,59.0,2.0,2.36,2.71,2.25,10190.0,189.0,53.92,54.98,16:11
2020-03-17,CLVS,3.95,Call,4.0,2020-04-17,31.0,0.75,0.93,1.1,0.85,5142.0,151.0,34.05,173.76,15:57
2020-03-17,CS,7.24,Put,7.0,2020-09-18,185.0,1.45,1.55,1.65,1.6,3897.0,126.0,30.93,87.74,00:00
2020-03-17,SDC,4.98,Call,6.0,2020-04-17,31.0,0.3,0.35,0.4,0.3,6092.0,197.0,30.92,109.15,16:09
2020-03-17,LYFT,18.66,Call,30.0,2020-10-16,213.0,2.1,2.23,2.36,2.29,3275.0,110.0,29.77,89.44,16:03
2020-03-17,PENN,7.33,Call,10.0,2020-04-17,31.0,1.75,1.78,1.8,1.8,4548.0,159.0,28.6,304.01,16:14
2020-03-17,HBI,9.8,Put,11.0,2020-03-20,3.0,1.15,1.28,1.4,1.3,2568.0,101.0,25.43,128.05,00:00
2020-03-17,MSFT,146.57,Put,110.0,2020-03-27,10.0,0.94,1.09,1.23,1.11,3999.0,189.0,21.16,128.88,16:14
2020-03-17,VIAC,12.75,Call,15.0,2020-06-19,94.0,1.34,1.58,1.81,1.63,2224.0,107.0,20.79,93.31,15:55
2020-03-17,LK,31.78,Put,14.0,2020-04-17,31.0,0.2,0.28,0.35,0.29,2807.0,135.0,20.79,182.53,15:58
2020-03-17,UBER,18.91,Put,17.0,2020-03-27,10.0,1.47,1.53,1.58,1.5,2604.0,127.0,20.5,197.96,00:00
2020-03-17,TLRY,2.9,Call,2.5,2020-06-19,94.0,0.96,1.08,1.2,0.98,5687.0,285.0,19.95,142.23,16:11
2020-03-17,WORK,19.9,Call,19.0,2020-03-20,3.0,1.7,1.88,2.05,1.9,13970.0,747.0,18.7,199.77,00:00
2020-03-17,M,6.7,Call,6.5,2020-03-20,3.0,0.43,0.53,0.63,0.52,2711.0,146.0,18.57,172.75,00:00
2020-03-17,DVN,6.46,Call,20.0,2020-10-16,213.0,0.15,0.22,0.29,0.3,2500.0,141.0,17.73,103.71,00:00
2020-03-17,ROKU,69.46,Call,70.0,2020-03-20,3.0,3.6,3.83,4.05,3.8,3371.0,198.0,17.03,161.13,16:15
2020-03-17,ADSK,154.92,Put,145.0,2020-04-17,31.0,5.5,8.0,10.5,8.3,7870.0,464.0,16.96,73.2,16:02
2020-03-17,M,6.7,Put,3.0,2020-05-15,59.0,0.35,0.44,0.53,0.39,2356.0,139.0,16.95,225.24,00:00
2020-03-17,BA,124.14,Call,135.0,2020-03-20,3.0,6.0,6.9,7.8,7.1,3428.0,204.0,16.8,251.09,00:00
2020-03-17,UAL,30.67,Call,45.0,2020-09-18,185.0,4.8,5.43,6.05,5.5,2528.0,151.0,16.74,107.86,16:13
2020-03-17,ROKU,69.46,Call,65.0,2020-03-20,3.0,6.85,7.03,7.2,6.95,2754.0,166.0,16.59,179.41,16:15
2020-03-17,NOW,287.42,Call,350.0,2020-04-17,31.0,3.0,3.7,4.4,3.6,1894.0,116.0,16.33,59.77,00:00
2020-03-17,BB,2.9,Call,3.0,2020-03-20,3.0,0.14,0.16,0.18,0.16,1610.0,100.0,16.1,193.36,00:00
2020-03-17,LB,10.13,Call,15.0,2021-01-15,304.0,2.0,2.33,2.65,2.3,15046.0,962.0,15.64,97.64,00:00
2020-03-17,BP,18.84,Put,19.0,2020-03-27,10.0,1.23,1.78,2.32,1.71,1653.0,107.0,15.45,130.94,00:00
2020-03-17,SQ,44.73,Call,62.5,2020-06-19,94.0,2.2,2.35,2.49,2.23,2958.0,200.0,14.79,76.68,00:00
2020-03-17,MGM,9.55,Call,20.0,2021-01-15,304.0,0.8,1.4,2.0,1.0,4775.0,331.0,14.43,86.6,00:00
2020-03-17,MU,37.38,Put,34.0,2020-03-20,3.0,0.71,0.87,1.03,0.99,2544.0,177.0,14.37,178.21,16:13
2020-03-17,MGM,9.55,Put,9.0,2020-03-20,3.0,0.89,0.94,0.98,0.95,4463.0,318.0,14.03,361.09,00:00
2020-03-17,BAC,21.98,Put,17.5,2020-03-27,10.0,0.62,0.68,0.73,0.63,2273.0,164.0,13.86,168.23,00:00
2020-03-17,QCOM,68.86,Call,75.0,2020-05-15,59.0,4.4,4.78,5.15,5.05,2540.0,192.0,13.23,66.7,16:08
2020-03-17,UBER,18.91,Call,21.0,2020-06-19,94.0,3.05,3.25,3.45,3.25,1381.0,105.0,13.15,105.01,00:00
2020-03-17,SQ,44.73,Call,50.0,2020-04-17,31.0,3.55,3.75,3.95,3.66,2610.0,211.0,12.37,107.83,00:00
2020-03-17,LB,10.13,Call,17.5,2020-08-21,157.0,1.05,1.25,1.45,1.25,10010.0,835.0,11.99,111.6,00:00
2020-03-17,HSBC,29.7,Put,28.0,2020-09-18,185.0,2.67,3.26,3.85,3.4,14078.0,1224.0,11.5,52.98,00:00
2020-03-17,JWN,18.72,Put,17.5,2020-03-20,3.0,1.01,1.26,1.5,1.01,1427.0,127.0,11.24,236.38,00:00
2020-03-17,BKR,11.25,Call,20.0,2020-04-17,31.0,0.0,0.18,0.35,0.13,1519.0,136.0,11.17,124.48,00:00
2020-03-17,CTL,10.86,Call,12.0,2020-05-15,59.0,0.65,1.04,1.43,0.85,1108.0,101.0,10.97,73.15,00:00
2020-03-17,UBER,18.91,Put,13.0,2020-06-19,94.0,1.75,1.87,1.99,1.76,8476.0,776.0,10.92,129.72,00:00
2020-03-17,LVS,40.86,Call,45.0,2020-05-15,59.0,5.55,6.3,7.05,5.9,3030.0,280.0,10.82,113.81,00:00
2020-03-17,RDFN,13.69,Put,13.0,2020-04-17,31.0,2.05,2.28,2.5,2.3,1713.0,159.0,10.77,172.02,14:59
2020-03-17,UAL,30.67,Call,65.0,2020-09-18,185.0,1.62,2.06,2.5,1.9,2516.0,234.0,10.75,93.65,16:09
2020-03-17,MGM,9.55,Put,8.0,2020-03-27,10.0,1.09,1.17,1.25,1.12,1827.0,172.0,10.62,313.31,00:00
2020-03-17,TSLA,430.2,Call,435.0,2020-03-20,3.0,23.25,24.63,26.0,25.56,3185.0,300.0,10.62,178.34,16:14
2020-03-17,ET,5.25,Call,6.0,2020-03-27,10.0,0.17,0.24,0.3,0.26,2180.0,209.0,10.43,150.24,00:00
2020-03-17,NFLX,319.75,Call,415.0,2020-04-17,31.0,2.0,2.21,2.42,1.86,2092.0,201.0,10.41,59.52,15:43
2020-03-17,BA,124.14,Put,100.0,2020-03-27,10.0,8.7,9.3,9.9,9.05,1938.0,188.0,10.31,255.69,00:00
2020-03-17,CPB,53.84,Call,60.0,2020-04-17,31.0,0.9,1.13,1.35,1.25,2766.0,269.0,10.28,52.72,00:00
2020-03-17,BA,124.14,Put,95.0,2020-03-20,3.0,2.9,3.0,3.1,3.1,3141.0,309.0,10.17,323.31,00:00
2020-03-17,BA,124.14,Put,90.0,2020-03-20,3.0,2.3,2.4,2.5,2.22,5508.0,548.0,10.05,328.04,00:00
2020-03-17,AMZN,1807.84,Call,1800.0,2020-07-17,122.0,208.5,213.15,217.8,212.15,1076.0,108.0,9.96,49.14,16:13
2020-03-17,DAL,31.74,Put,23.0,2020-03-20,3.0,0.37,0.49,0.61,0.47,2234.0,225.0,9.93,309.63,00:00
2020-03-17,C,40.25,Call,60.0,2020-09-18,185.0,1.0,1.37,1.74,1.16,3054.0,313.0,9.76,49.76,00:00
2020-03-17,NVDA,217.27,Call,215.0,2020-04-17,31.0,23.15,24.33,25.5,23.55,1797.0,185.0,9.71,88.92,16:06
2020-03-17,MTCH,57.02,Put,60.0,2020-04-17,31.0,7.1,7.7,8.3,8.05,4038.0,416.0,9.71,95.8,15:05
2020-03-17,SFIX,13.58,Call,10.0,2021-01-15,304.0,4.7,5.6,6.5,5.7,1391.0,146.0,9.53,85.7,15:03
2020-03-17,MPW,14.97,Put,15.0,2020-04-17,31.0,1.55,1.9,2.25,2.25,1045.0,111.0,9.41,129.61,00:00
2020-03-17,FIVN,65.45,Put,65.0,2020-03-20,3.0,2.1,2.8,3.5,2.95,1032.0,113.0,9.13,134.83,16:14
2020-03-17,GE,7.08,Call,7.0,2020-04-17,31.0,0.87,0.95,1.02,1.0,7861.0,867.0,9.07,120.87,00:00
2020-03-17,BA,124.14,Call,150.0,2020-03-20,3.0,3.15,3.2,3.25,2.4,8358.0,921.0,9.07,217.03,00:00
2020-03-17,DVN,6.46,Call,15.0,2020-07-17,122.0,0.21,0.31,0.4,0.32,2480.0,282.0,8.79,115.89,00:00
2020-03-17,WFC,29.63,Call,31.0,2020-03-20,3.0,0.56,0.76,0.96,0.61,3859.0,441.0,8.75,106.62,00:00
2020-03-17,TSLA,430.2,Call,440.0,2020-03-20,3.0,22.8,23.15,23.5,23.1,4621.0,529.0,8.74,176.25,16:14
2020-03-17,PTON,25.45,Put,25.5,2020-03-20,3.0,1.65,2.03,2.4,1.95,1166.0,135.0,8.64,209.43,16:05
2020-03-17,BA,124.14,Call,180.0,2020-04-17,31.0,6.25,6.88,7.5,6.84,1633.0,190.0,8.59,147.68,00:00
2020-03-17,SDC,4.98,Call,5.5,2020-03-20,3.0,0.1,0.13,0.15,0.12,2999.0,349.0,8.59,165.77,16:13
2020-03-17,AMD,41.88,Put,38.0,2020-04-03,17.0,2.32,2.46,2.6,2.38,1207.0,142.0,8.5,117.85,16:15
2020-03-17,UBER,18.91,Put,13.0,2021-01-15,304.0,2.48,2.72,2.96,2.8,901.0,107.0,8.42,95.45,00:00
2020-03-17,INTC,50.08,Put,40.0,2020-10-16,213.0,3.45,3.85,4.25,3.9,1432.0,171.0,8.37,59.86,14:31
2020-03-17,GILD,74.52,Call,76.0,2020-04-03,17.0,4.35,4.68,5.0,4.42,1437.0,172.0,8.35,78.83,15:35
2020-03-17,BA,124.14,Call,150.0,2020-04-17,31.0,13.95,14.75,15.55,15.0,1299.0,156.0,8.33,164.27,00:00
2020-03-17,CNP,14.65,Call,14.0,2020-03-20,3.0,1.1,1.3,1.5,1.2,1080.0,131.0,8.24,161.16,00:00
2020-03-17,C,40.25,Call,40.0,2020-03-20,3.0,1.0,1.79,2.58,2.22,2515.0,306.0,8.22,144.15,00:00
2020-03-17,SCHW,33.68,Call,33.0,2020-04-17,31.0,2.9,3.8,4.7,3.8,1350.0,165.0,8.18,88.67,00:00
2020-03-17,CVX,70.69,Call,82.5,2020-05-15,59.0,3.55,4.3,5.05,4.02,803.0,100.0,8.03,70.58,00:00
2020-03-17,TSLA,430.2,Call,450.0,2020-03-27,10.0,35.25,37.33,39.4,36.1,1896.0,236.0,8.03,156.16,16:13
2020-03-17,ORCL,46.86,Put,35.0,2020-06-19,94.0,1.6,2.01,2.41,2.53,2164.0,273.0,7.93,85.09,00:00
2020-03-17,JPM,93.76,Call,125.0,2020-03-27,10.0,0.15,0.23,0.31,0.14,1079.0,137.0,7.88,87.6,00:00
2020-03-17,EBAY,33.12,Call,36.0,2020-05-15,59.0,1.34,1.83,2.32,1.95,5114.0,658.0,7.77,55.88,15:27
2020-03-17,ROKU,69.46,Put,55.0,2020-03-20,3.0,0.72,0.76,0.79,0.73,8532.0,1099.0,7.76,219.88,16:14
2020-03-17,BA,124.14,Call,140.0,2020-03-20,3.0,4.8,5.28,5.75,5.24,6614.0,856.0,7.73,240.74,00:00
2020-03-17,BA,124.14,Put,100.0,2020-03-20,3.0,3.7,3.85,4.0,3.9,13115.0,1710.0,7.67,308.46,00:00
2020-03-17,ROKU,69.46,Call,75.0,2020-03-27,10.0,3.05,3.25,3.45,3.2,1056.0,138.0,7.65,116.04,16:13
2020-03-17,TSLA,430.2,Put,350.0,2020-03-27,10.0,22.15,22.45,22.75,22.18,4542.0,597.0,7.61,207.25,16:14
2020-03-17,TSLA,430.2,Call,505.0,2020-03-20,3.0,3.95,4.23,4.5,4.35,1770.0,237.0,7.47,157.33,16:14
2020-03-17,CSTE,8.99,Call,10.0,2020-10-16,213.0,1.15,1.35,1.55,1.55,757.0,103.0,7.35,67.67,16:03
2020-03-17,APRN,6.55,Call,7.0,2020-03-20,3.0,1.45,1.48,1.5,1.5,1894.0,259.0,7.31,712.46,00:00
2020-03-17,C,40.25,Call,45.0,2020-04-17,31.0,2.62,3.06,3.5,2.63,1309.0,180.0,7.27,93.32,00:00
2020-03-17,UBER,18.91,Put,16.0,2020-03-27,10.0,1.18,1.23,1.28,1.23,1665.0,231.0,7.21,210.93,00:00
2020-03-17,CNX,9.0,Put,9.0,2020-04-17,31.0,0.62,1.2,1.78,1.47,906.0,126.0,7.19,142.06,00:00
2020-03-17,KR,33.0,Call,38.0,2020-04-17,31.0,0.8,0.9,1.0,0.94,898.0,125.0,7.18,66.46,00:00
2020-03-17,FCX,6.48,Call,6.0,2020-04-17,31.0,1.15,1.23,1.32,1.25,1016.0,142.0,7.15,137.17,00:00
2020-03-17,WFC,29.63,Call,30.5,2020-03-20,3.0,0.77,1.15,1.52,0.74,2878.0,404.0,7.12,103.09,00:00
2020-03-17,FDX,94.96,Put,80.0,2020-03-20,3.0,2.35,3.58,4.8,2.45,858.0,121.0,7.09,245.69,00:00
2020-03-17,COST,306.99,Call,330.0,2020-04-03,17.0,5.8,6.2,6.6,6.0,1389.0,200.0,6.95,53.56,16:14
2020-03-17,AAPL,250.8,Put,247.5,2020-03-27,10.0,13.25,13.35,13.45,13.33,692.0,100.0,6.92,96.47,16:14
2020-03-17,BA,124.14,Put,105.0,2020-03-20,3.0,4.55,4.9,5.25,4.77,2511.0,363.0,6.92,290.9,00:00
2020-03-17,CSCO,35.02,Call,37.5,2020-10-16,213.0,3.2,3.48,3.75,2.99,1046.0,152.0,6.88,36.37,15:39
2020-03-17,AMD,41.88,Call,46.0,2020-04-03,17.0,1.62,1.89,2.15,1.56,1441.0,210.0,6.86,84.69,16:05
2020-03-17,FB,149.42,Put,123.0,2020-03-20,3.0,0.29,0.32,0.36,0.41,1217.0,178.0,6.84,136.17,16:07
2020-03-17,BRFS,3.01,Call,5.0,2021-01-15,304.0,0.3,0.45,0.6,0.4,2024.0,296.0,6.84,79.89,00:00
2020-03-17,SNAP,8.91,Put,7.0,2020-04-03,17.0,0.31,0.33,0.35,0.34,2352.0,344.0,6.84,151.17,00:00
2020-03-17,EPD,13.0,Call,15.5,2020-03-20,3.0,0.05,0.13,0.2,0.45,995.0,146.0,6.82,262.5,00:00
2020-03-17,GM,20.32,Put,19.0,2020-09-18,185.0,3.2,3.35,3.5,3.5,1051.0,155.0,6.78,76.43,00:00
2020-03-17,CCL,12.71,Call,15.0,2020-04-17,31.0,1.95,2.1,2.25,1.98,759.0,113.0,6.72,187.82,00:00
2020-03-17,SABR,7.6,Put,5.0,2020-04-17,31.0,0.45,0.53,0.6,0.5,985.0,147.0,6.7,203.13,16:02
2020-03-17,CAKE,19.02,Put,22.5,2020-03-20,3.0,4.1,4.45,4.8,4.8,1109.0,166.0,6.68,331.68,16:14
2020-03-17,AMD,41.88,Put,39.0,2020-04-03,17.0,2.4,2.72,3.05,2.72,918.0,138.0,6.65,115.5,15:49
2020-03-17,Z,27.85,Put,22.5,2020-04-17,31.0,3.0,3.2,3.4,3.4,707.0,107.0,6.61,200.51,16:14
2020-03-17,CIEN,39.23,Put,36.0,2020-03-20,3.0,0.01,0.45,0.89,0.47,1046.0,159.0,6.58,117.05,00:00
2020-03-17,ORCL,46.86,Put,35.0,2022-01-21,675.0,4.35,5.13,5.9,5.07,1091.0,166.0,6.57,47.58,00:00
2020-03-17,BAC,21.98,Call,21.5,2020-03-20,3.0,1.24,1.42,1.59,1.25,15253.0,2323.0,6.57,126.01,00:00
2020-03-17,M,6.7,Put,4.0,2020-03-27,10.0,0.18,0.19,0.19,0.18,848.0,130.0,6.52,292.33,00:00
2020-03-17,FDX,94.96,Call,110.0,2020-03-20,3.0,1.25,1.3,1.35,1.25,1010.0,155.0,6.52,162.1,00:00
2020-03-17,TSLA,430.2,Call,455.0,2020-03-20,3.0,14.55,15.65,16.75,16.64,1768.0,272.0,6.5,170.42,16:14
2020-03-17,MU,37.38,Put,33.0,2020-03-20,3.0,0.18,0.46,0.75,0.73,1177.0,182.0,6.47,179.81,16:13
2020-03-17,AAPL,250.8,Call,257.5,2020-03-27,10.0,12.7,13.02,13.35,11.8,1713.0,265.0,6.46,82.85,16:14
2020-03-17,TSLA,430.2,Call,500.0,2020-03-27,10.0,15.7,16.2,16.7,15.75,1420.0,220.0,6.45,136.09,16:14
2020-03-17,WFC,29.63,Call,27.0,2020-03-20,3.0,2.99,3.27,3.55,2.79,828.0,130.0,6.37,92.04,00:00
2020-03-17,Z,27.85,Put,32.0,2020-03-20,3.0,4.2,4.45,4.7,4.9,1101.0,173.0,6.36,230.49,16:12
2020-03-17,MCD,147.62,Call,155.0,2020-03-20,3.0,2.66,2.78,2.9,2.3,851.0,134.0,6.35,94.5,00:00
2020-03-17,M,6.7,Call,12.0,2020-05-15,59.0,0.01,0.16,0.3,0.15,5052.0,796.0,6.35,106.08,00:00
2020-03-17,AAPL,250.8,Put,165.0,2020-03-27,10.0,1.08,1.2,1.32,1.12,1899.0,301.0,6.31,157.49,16:13
2020-03-17,BA,124.14,Call,155.0,2020-03-20,3.0,2.0,2.18,2.35,2.27,2300.0,366.0,6.28,235.17,00:00
2020-03-17,ROKU,69.46,Put,69.0,2020-03-20,3.0,3.8,3.98,4.15,4.05,1105.0,177.0,6.24,171.14,16:14
2020-03-17,DAL,31.74,Call,33.0,2020-03-20,3.0,1.42,1.61,1.8,1.68,715.0,115.0,6.22,192.69,00:00
2020-03-17,FB,149.42,Call,145.0,2020-03-20,3.0,5.95,7.43,8.9,8.0,906.0,146.0,6.21,103.35,16:14
2020-03-17,SQ,44.73,Put,40.0,2020-03-27,10.0,2.4,2.45,2.49,2.4,5052.0,820.0,6.16,156.79,00:00
2020-03-17,VNOM,7.1,Put,5.0,2021-01-15,304.0,0.1,1.3,2.5,1.49,640.0,104.0,6.15,117.12,15:13
2020-03-17,F,5.01,Put,3.0,2020-03-27,10.0,0.12,0.13,0.13,0.13,4072.0,662.0,6.15,287.75,00:00
2020-03-17,AVGO,199.51,Call,225.0,2020-03-20,3.0,0.15,0.58,1.0,0.5,648.0,106.0,6.11,88.44,16:13
2020-03-17,FB,149.42,Call,165.0,2020-09-18,185.0,13.85,15.2,16.55,14.25,877.0,144.0,6.09,46.73,15:47
2020-03-17,AAL,15.5,Call,18.5,2020-03-27,10.0,1.06,1.37,1.68,1.1,757.0,125.0,6.06,202.72,16:12
2020-03-17,BA,124.14,Call,150.0,2020-03-27,10.0,7.2,8.33,9.45,8.5,765.0,127.0,6.02,207.48,00:00
2020-03-17,WMT,119.26,Call,128.0,2020-03-20,3.0,0.01,0.12,0.22,0.14,598.0,101.0,5.92,49.72,00:00
2020-03-17,WFC,29.63,Put,21.0,2020-03-20,3.0,0.1,0.15,0.2,0.16,1415.0,241.0,5.87,250.79,00:00
2020-03-17,TSLA,430.2,Call,430.0,2020-03-20,3.0,26.4,27.6,28.8,28.3,3927.0,669.0,5.87,181.34,16:14
2020-03-17,AMD,41.88,Call,39.0,2020-03-27,10.0,4.5,4.85,5.2,4.85,712.0,122.0,5.84,119.9,16:14
2020-03-17,ET,5.25,Call,6.0,2020-04-17,31.0,0.46,0.53,0.6,0.33,1932.0,333.0,5.8,97.39,00:00
2020-03-17,LRCX,229.3,Call,300.0,2020-04-17,31.0,1.1,3.0,4.9,2.44,1682.0,292.0,5.76,70.58,15:58
2020-03-17,SHOP,355.09,Put,300.0,2020-03-20,3.0,4.8,5.4,6.0,5.4,1948.0,338.0,5.76,197.31,00:00
2020-03-17,MAR,75.24,Put,65.0,2020-03-20,3.0,2.1,3.5,4.9,2.5,672.0,117.0,5.74,251.45,16:14
2020-03-17,LYFT,18.66,Put,18.0,2020-03-27,10.0,2.18,2.28,2.38,2.28,682.0,119.0,5.73,215.99,16:14
2020-03-17,MGM,9.55,Put,8.0,2020-05-15,59.0,2.14,2.34,2.55,2.4,950.0,166.0,5.72,230.57,00:00
2020-03-17,ROKU,69.46,Call,72.0,2020-03-20,3.0,2.5,2.75,3.0,2.85,1168.0,206.0,5.67,156.05,16:14
2020-03-17,PINS,12.65,Call,11.0,2020-03-20,3.0,1.6,1.95,2.3,1.65,4415.0,783.0,5.64,53.75,00:00
2020-03-17,MU,37.38,Call,36.0,2020-03-20,3.0,2.49,2.7,2.91,2.71,748.0,133.0,5.62,146.32,16:14
2020-03-17,TPR,13.19,Call,15.0,2021-01-15,304.0,1.6,2.15,2.7,1.85,1309.0,235.0,5.57,51.28,00:00
2020-03-17,ET,5.25,Call,20.0,2022-01-21,675.0,0.1,0.2,0.29,0.2,6020.0,1083.0,5.56,61.62,00:00
2020-03-17,GE,7.08,Call,7.5,2020-03-27,10.0,0.42,0.47,0.52,0.44,1482.0,268.0,5.53,135.17,00:00
2020-03-17,WORK,19.9,Call,21.0,2020-03-27,10.0,1.2,1.35,1.5,1.51,607.0,110.0,5.52,149.22,00:00
2020-03-17,ZIOP,1.99,Call,2.5,2020-07-17,122.0,0.1,0.3,0.5,0.5,770.0,140.0,5.5,143.26,13:14
2020-03-17,YUM,65.49,Put,50.0,2020-04-17,31.0,2.3,2.52,2.74,2.5,1226.0,223.0,5.5,120.21,00:00
2020-03-17,FB,149.42,Call,155.0,2020-04-17,31.0,7.2,8.43,9.65,9.19,3726.0,681.0,5.47,66.23,16:14
2020-03-17,DHI,31.23,Call,35.0,2020-04-17,31.0,2.18,2.37,2.56,2.28,562.0,103.0,5.46,100.83,00:00
2020-03-17,ROKU,69.46,Call,68.0,2020-03-20,3.0,4.2,4.7,5.2,4.69,775.0,142.0,5.46,157.51,16:05
2020-03-17,BYND,60.12,Call,60.0,2020-03-20,3.0,2.51,2.93,3.35,3.16,820.0,151.0,5.43,137.69,16:13
2020-03-17,WORK,19.9,Put,20.0,2020-03-27,10.0,1.85,2.03,2.2,1.95,757.0,140.0,5.41,144.85,00:00
2020-03-17,ROKU,69.46,Put,68.0,2020-03-20,3.0,3.4,3.58,3.75,3.9,1136.0,210.0,5.41,185.18,16:08
2020-03-17,CVX,70.69,Call,75.0,2020-03-20,3.0,0.93,1.59,2.25,1.5,550.0,102.0,5.39,121.62,00:00
2020-03-17,ZION,28.0,Put,25.0,2020-04-17,31.0,1.13,1.57,2.0,1.83,1171.0,218.0,5.37,102.09,15:53
2020-03-17,AAL,15.5,Put,4.0,2020-04-03,17.0,0.25,0.32,0.38,0.3,742.0,139.0,5.34,467.91,14:18
2020-03-17,ROKU,69.46,Put,67.0,2020-03-20,3.0,2.77,3.06,3.35,3.35,1010.0,189.0,5.34,181.64,16:12
2020-03-17,INTC,50.08,Put,35.0,2020-03-27,10.0,0.18,0.24,0.29,0.24,901.0,169.0,5.33,138.37,16:14
2020-03-17,ROKU,69.46,Call,75.0,2020-03-20,3.0,1.35,1.59,1.82,1.7,3233.0,608.0,5.32,147.55,16:14
2020-03-17,AAPL,250.8,Call,250.0,2020-03-27,10.0,16.4,17.0,17.6,17.1,9894.0,1865.0,5.31,93.89,16:14
2020-03-17,EPD,13.0,Call,18.0,2020-04-17,31.0,0.35,0.48,0.6,0.37,1871.0,353.0,5.3,107.48,00:00
2020-03-17,ADBE,311.81,Put,290.0,2020-04-17,31.0,16.3,18.8,21.3,19.36,2505.0,473.0,5.3,83.56,14:55
2020-03-17,GE,7.08,Put,6.5,2020-03-27,10.0,0.45,0.48,0.51,0.51,4025.0,760.0,5.3,167.74,00:00
2020-03-17,LYFT,18.66,Put,15.0,2020-03-27,10.0,1.2,1.35,1.5,1.28,1366.0,260.0,5.25,248.43,16:14
2020-03-17,PBR,5.4,Call,8.0,2021-01-15,304.0,0.8,0.9,0.99,0.82,17441.0,3322.0,5.25,76.92,00:00
2020-03-17,DOW,26.6,Put,23.0,2020-03-20,3.0,0.35,0.52,0.7,0.36,617.0,118.0,5.23,171.37,00:00
2020-03-17,CODX,10.64,Call,14.0,2020-03-20,3.0,0.6,0.75,0.9,0.6,965.0,186.0,5.19,406.05,16:13
2020-03-17,APRN,6.55,Call,6.0,2020-03-20,3.0,1.6,1.9,2.2,1.95,997.0,192.0,5.19,745.95,00:00
2020-03-17,AAPL,250.8,Call,245.0,2020-03-27,10.0,19.45,20.08,20.7,20.03,1266.0,244.0,5.19,95.79,16:14
2020-03-17,AMRN,10.52,Call,11.0,2020-03-20,3.0,0.3,0.58,0.85,0.5,1095.0,212.0,5.17,175.66,16:14
2020-03-17,HCA,77.46,Put,85.0,2020-03-20,3.0,9.2,10.5,11.8,10.45,1089.0,212.0,5.14,202.71,00:00
2020-03-17,FB,149.42,Call,160.0,2020-03-27,10.0,3.1,3.28,3.45,3.21,1155.0,227.0,5.09,71.49,16:14
2020-03-17,T,33.74,Put,36.0,2020-10-16,213.0,5.4,5.9,6.4,6.06,523.0,103.0,5.08,47.59,00:00
2020-03-17,TSLA,430.2,Put,150.0,2020-03-27,10.0,1.6,1.78,1.95,1.95,2842.0,560.0,5.08,350.41,16:14
2020-03-17,RGR,46.6,Call,47.5,2020-04-17,31.0,3.9,4.1,4.3,4.05,1441.0,285.0,5.06,81.69,00:00
2020-03-17,WDAY,123.73,Put,65.0,2021-01-15,304.0,3.5,3.8,4.1,3.9,1000.0,200.0,5.0,67.46,13:10
2020-03-17,NVDA,217.27,Call,225.0,2020-04-17,31.0,18.95,19.58,20.2,18.5,1680.0,336.0,5.0,85.99,16:06
2020-03-17,FB,149.42,Call,250.0,2021-03-19,367.0,2.23,3.54,4.85,2.5,2642.0,529.0,4.99,35.73,15:17
2020-03-17,BA,124.14,Put,115.0,2020-03-20,3.0,7.45,8.23,9.0,8.0,3497.0,701.0,4.99,278.98,00:00
2020-03-17,TSLA,430.2,Call,560.0,2020-04-17,31.0,20.3,21.65,23.0,22.1,1395.0,280.0,4.98,119.59,16:05
2020-03-17,SFIX,13.58,Call,14.0,2020-03-20,3.0,0.4,0.53,0.65,0.5,1233.0,248.0,4.97,138.25,16:14
2020-03-17,AMD,41.88,Call,70.0,2020-10-16,213.0,1.72,1.98,2.23,1.96,776.0,157.0,4.94,63.27,15:12
2020-03-17,CCL,12.71,Put,18.0,2020-04-24,38.0,6.2,6.55,6.9,6.8,785.0,159.0,4.94,185.1,00:00
2020-03-17,DOCU,70.51,Call,90.0,2020-09-18,185.0,5.3,6.4,7.5,6.3,684.0,139.0,4.92,60.36,14:50
2020-03-17,MRNA,28.18,Call,30.5,2020-03-20,3.0,1.5,1.63,1.75,1.75,1126.0,229.0,4.92,260.35,16:03
2020-03-17,V,157.89,Call,160.0,2020-05-15,59.0,13.45,14.3,15.15,12.95,1151.0,234.0,4.92,54.35,00:00
2020-03-17,FL,24.01,Put,20.0,2020-04-17,31.0,1.95,2.03,2.1,2.0,1807.0,367.0,4.92,145.06,00:00
2020-03-17,TSLA,430.2,Call,445.0,2020-03-20,3.0,18.8,20.0,21.2,20.6,1982.0,403.0,4.92,172.97,16:14
2020-03-17,CCI,146.87,Call,175.0,2020-04-17,31.0,0.0,1.3,2.6,1.18,1982.0,405.0,4.89,48.41,00:00
2020-03-17,NIO,2.9,Call,4.5,2020-04-24,38.0,0.12,0.16,0.2,0.16,526.0,108.0,4.87,146.36,00:00
2020-03-17,MU,37.38,Put,38.0,2020-03-20,3.0,1.41,1.9,2.39,2.36,3062.0,629.0,4.87,149.58,16:13
2020-03-17,MU,37.38,Call,38.0,2020-03-20,3.0,1.0,1.37,1.74,1.61,3289.0,675.0,4.87,139.64,16:13
2020-03-17,UBER,18.91,Call,23.0,2020-03-20,3.0,0.11,0.13,0.15,0.15,7582.0,1557.0,4.87,168.29,00:00
2020-03-17,MO,39.85,Call,42.0,2020-03-27,10.0,0.17,0.71,1.25,0.53,608.0,126.0,4.83,49.41,00:00
2020-03-17,ZNGA,6.08,Call,7.0,2020-09-18,185.0,0.75,0.78,0.81,0.81,2520.0,522.0,4.83,65.58,16:13
2020-03-17,MDT,80.21,Put,60.0,2020-06-19,94.0,3.05,3.45,3.85,3.5,680.0,142.0,4.79,77.0,00:00
2020-03-17,INTC,50.08,Call,50.0,2020-03-27,10.0,1.93,2.97,4.0,3.26,886.0,188.0,4.71,97.23,15:52
2020-03-17,AMD,41.88,Call,39.0,2020-03-20,3.0,3.65,3.93,4.2,3.93,3198.0,681.0,4.7,150.05,16:13
2020-03-17,PTON,25.45,Call,27.5,2020-03-20,3.0,0.6,0.9,1.2,1.2,622.0,133.0,4.68,215.99,16:06
2020-03-17,SAVE,11.72,Call,12.5,2020-03-20,3.0,1.2,1.35,1.5,1.2,1123.0,240.0,4.68,357.49,00:00
2020-03-17,BYND,60.12,Call,65.0,2020-03-20,3.0,1.0,1.08,1.15,1.05,1309.0,280.0,4.68,123.0,16:13
2020-03-17,AUY,3.5,Put,4.0,2020-10-16,213.0,0.93,1.19,1.45,1.3,1000.0,214.0,4.67,94.74,00:00
2020-03-17,TSLA,430.2,Put,265.0,2020-03-20,3.0,0.83,1.0,1.17,1.04,1703.0,365.0,4.67,285.93,16:14
2020-03-17,PENN,7.33,Call,9.0,2020-04-17,31.0,2.05,2.22,2.4,2.05,697.0,150.0,4.65,306.24,16:12
2020-03-17,HEAR,4.68,Call,5.0,2020-03-20,3.0,0.1,0.15,0.2,0.25,680.0,147.0,4.63,217.7,15:23
2020-03-17,HD,173.64,Call,190.0,2020-03-20,3.0,0.89,2.34,3.8,0.89,800.0,173.0,4.62,86.49,00:00
2020-03-17,UAL,30.67,Call,55.0,2020-05-15,59.0,1.31,1.74,2.17,1.95,1577.0,342.0,4.61,145.09,15:57
2020-03-17,MU,37.38,Put,36.0,2020-03-20,3.0,1.01,1.37,1.72,1.44,2839.0,616.0,4.61,155.27,16:14
2020-03-17,TSLA,430.2,Call,420.0,2020-03-20,3.0,31.25,34.2,37.15,33.87,5019.0,1097.0,4.58,185.3,16:14
2020-03-17,CAR,12.2,Call,20.0,2020-03-20,3.0,0.05,0.2,0.35,0.1,558.0,122.0,4.57,335.65,15:11
2020-03-17,CMCSA,38.22,Put,34.0,2020-03-20,3.0,0.1,0.91,1.71,0.39,954.0,209.0,4.56,133.99,16:13
2020-03-17,LYFT,18.66,Put,15.0,2020-03-20,3.0,0.62,0.74,0.85,0.65,1795.0,394.0,4.56,324.53,16:14
2020-03-17,FB,149.42,Call,150.0,2020-04-03,17.0,8.1,8.95,9.8,8.91,568.0,125.0,4.54,71.09,16:07
2020-03-17,TWTR,24.48,Put,20.0,2020-03-27,10.0,0.35,0.54,0.73,0.49,681.0,150.0,4.54,135.11,00:00
2020-03-17,CMA,34.4,Put,37.5,2020-03-20,3.0,2.79,3.55,4.3,4.8,1000.0,221.0,4.52,231.42,00:00
2020-03-17,NDAQ,95.03,Call,115.0,2020-04-17,31.0,0.2,1.58,2.95,1.0,1004.0,222.0,4.52,55.48,15:04
2020-03-17,TSLA,430.2,Put,200.0,2020-03-27,10.0,3.6,3.73,3.85,3.79,3889.0,863.0,4.51,300.19,16:14
2020-03-17,JPM,93.76,Put,76.0,2020-03-20,3.0,0.59,0.79,0.99,0.9,995.0,221.0,4.5,197.98,00:00
2020-03-17,F,5.01,Put,3.5,2020-03-27,10.0,0.16,0.17,0.17,0.17,2385.0,530.0,4.5,243.38,00:00
2020-03-17,V,157.89,Call,160.0,2020-09-18,185.0,19.3,21.3,23.3,20.09,1161.0,260.0,4.47,45.99,00:00
2020-03-17,CRMD,3.07,Put,5.0,2020-09-18,185.0,2.4,3.25,4.1,2.5,500.0,112.0,4.46,123.98,00:00
2020-03-17,TWTR,24.48,Call,25.0,2020-03-27,10.0,1.18,1.41,1.64,1.51,557.0,125.0,4.46,107.51,00:00
2020-03-17,UAL,30.67,Call,60.0,2020-05-15,59.0,0.61,0.98,1.35,1.37,1597.0,359.0,4.45,140.63,15:50
2020-03-17,WFC,29.63,Call,30.0,2020-07-17,122.0,4.65,4.83,5.0,4.62,1637.0,368.0,4.45,69.51,00:00
2020-03-17,SAND,5.69,Call,5.0,2020-04-17,31.0,0.8,0.98,1.15,0.9,2302.0,520.0,4.43,76.26,00:00
2020-03-17,CIG,2.04,Call,2.5,2020-09-18,185.0,0.15,0.5,0.85,0.3,507.0,115.0,4.41,77.5,00:00
2020-03-17,BTI,33.69,Call,35.0,2020-03-20,3.0,0.3,0.65,1.0,0.6,522.0,119.0,4.39,91.46,00:00
2020-03-17,ET,5.25,Put,6.0,2020-04-24,38.0,0.87,1.2,1.52,1.52,835.0,190.0,4.39,155.24,00:00
2020-03-17,BE,4.08,Call,5.0,2020-05-15,59.0,0.7,0.92,1.15,0.9,1017.0,233.0,4.36,184.07,00:00
2020-03-17,TSLA,430.2,Put,350.0,2020-04-03,17.0,30.0,32.2,34.4,31.4,983.0,227.0,4.33,191.74,16:11
2020-03-17,GE,7.08,Put,6.0,2020-03-27,10.0,0.32,0.33,0.35,0.34,5713.0,1322.0,4.32,174.24,00:00
2020-03-17,ET,5.25,Call,6.0,2020-07-17,122.0,0.98,1.19,1.4,1.2,539.0,125.0,4.31,121.16,00:00
2020-03-17,NVDA,217.27,Call,220.0,2020-03-27,10.0,14.65,15.83,17.0,14.95,560.0,130.0,4.31,112.67,16:14
2020-03-17,JBLU,9.46,Put,10.0,2020-03-20,3.0,0.9,0.9,0.9,0.9,5532.0,1287.0,4.3,179.25,16:14
2020-03-17,PYPL,97.87,Call,102.0,2020-03-20,3.0,1.22,1.35,1.47,1.25,690.0,161.0,4.29,78.81,16:01
2020-03-17,C,40.25,Call,42.5,2020-03-20,3.0,0.6,1.03,1.46,1.15,777.0,181.0,4.29,139.33,00:00
2020-03-17,CS,7.24,Put,7.0,2020-06-19,94.0,1.1,1.2,1.3,1.4,713.0,167.0,4.27,107.54,00:00
2020-03-17,MGM,9.55,Put,6.0,2020-03-20,3.0,0.2,0.29,0.38,0.22,1858.0,439.0,4.23,468.67,00:00
2020-03-17,TSLA,430.2,Call,460.0,2020-03-20,3.0,12.2,13.6,15.0,14.7,4314.0,1024.0,4.21,168.0,16:14
2020-03-17,NFLX,319.75,Call,320.0,2020-04-17,31.0,29.95,31.33,32.7,31.45,751.0,179.0,4.2,84.68,16:14
2020-03-17,TSLA,430.2,Call,450.0,2020-03-20,3.0,17.5,18.15,18.8,18.25,8839.0,2107.0,4.2,169.72,16:14
2020-03-17,GM,20.32,Call,23.0,2020-04-17,31.0,1.23,1.3,1.37,1.31,2539.0,611.0,4.16,96.03,00:00
2020-03-17,SHOP,355.09,Put,120.0,2020-06-19,94.0,3.2,3.4,3.6,3.5,590.0,142.0,4.15,137.47,00:00
2020-03-17,FDX,94.96,Put,50.0,2020-03-20,3.0,0.24,0.25,0.26,0.26,1237.0,298.0,4.15,373.83,00:00
2020-03-17,AAPL,250.8,Call,255.0,2020-03-20,3.0,7.95,8.08,8.2,7.95,23745.0,5730.0,4.14,97.64,16:15
2020-03-17,BA,124.14,Call,145.0,2020-03-20,3.0,3.8,4.07,4.35,3.9,3159.0,766.0,4.12,235.61,00:00
2020-03-17,FB,149.42,Call,148.0,2020-03-20,3.0,5.45,5.85,6.25,6.3,685.0,167.0,4.1,103.28,16:12
2020-03-17,CCL,12.71,Call,60.0,2022-01-21,675.0,0.85,1.15,1.45,0.95,1042.0,254.0,4.1,79.53,00:00
2020-03-17,M,6.7,Call,7.0,2020-03-20,3.0,0.21,0.25,0.28,0.2,1497.0,365.0,4.1,132.55,00:00
2020-03-17,RMTI,2.16,Call,2.0,2020-03-20,3.0,0.15,0.33,0.5,0.4,656.0,162.0,4.05,419.29,16:09
2020-03-17,ROKU,69.46,Call,74.0,2020-03-20,3.0,1.95,2.09,2.22,1.95,965.0,238.0,4.05,146.35,16:12
2020-03-17,TSLA,430.2,Call,465.0,2020-03-20,3.0,12.5,12.83,13.15,14.0,1334.0,329.0,4.05,173.31,16:11
2020-03-17,MGM,9.55,Put,6.0,2020-03-27,10.0,0.55,0.65,0.74,0.61,554.0,137.0,4.04,377.79,00:00
2020-03-17,MSFT,146.57,Call,139.0,2020-03-20,3.0,9.55,10.85,12.15,10.25,1147.0,284.0,4.04,109.84,16:09
2020-03-17,LYFT,18.66,Call,20.0,2020-03-20,3.0,0.79,0.93,1.07,1.01,1345.0,334.0,4.03,227.96,16:13
2020-03-17,TSLA,430.2,Call,450.0,2020-04-17,31.0,57.4,61.0,64.6,60.5,518.0,129.0,4.02,137.27,16:06
2020-03-17,INO,7.16,Call,7.0,2020-03-27,10.0,1.4,1.6,1.8,1.75,535.0,133.0,4.02,336.56,16:08
2020-03-17,M,6.7,Put,6.0,2020-03-27,10.0,0.42,0.54,0.66,0.51,1134.0,282.0,4.02,195.04,00:00
2020-03-17,SNAP,8.91,Call,11.0,2020-07-17,122.0,0.97,1.05,1.12,1.05,7840.0,1955.0,4.01,83.87,00:00
2020-03-17,TSLA,430.2,Put,400.0,2020-03-27,10.0,35.5,35.75,36.0,35.8,7123.0,1779.0,4.0,181.38,16:14
2020-03-17,TSLA,430.2,Call,500.0,2020-03-20,3.0,4.8,4.98,5.15,4.94,15607.0,3902.0,4.0,157.07,16:14
2020-03-17,AMD,41.88,Put,38.0,2020-03-27,10.0,1.7,1.88,2.05,2.05,1304.0,328.0,3.98,139.77,16:14
2020-03-17,INTU,238.83,Call,280.0,2020-04-17,31.0,3.3,3.75,4.2,3.7,1637.0,411.0,3.98,55.45,16:13
2020-03-17,MSFT,146.57,Put,90.0,2020-03-27,10.0,0.26,0.34,0.42,0.34,874.0,220.0,3.97,156.47,16:13
2020-03-17,NFLX,319.75,Put,200.0,2020-09-18,185.0,11.15,11.7,12.25,12.03,1236.0,311.0,3.97,71.93,16:13
2020-03-17,LVS,40.86,Put,30.0,2020-03-27,10.0,1.84,1.94,2.05,1.97,982.0,248.0,3.96,254.96,00:00
2020-03-17,BAC,21.98,Put,17.0,2020-03-27,10.0,0.57,0.59,0.61,0.59,1362.0,345.0,3.95,177.24,00:00
2020-03-17,X,5.58,Put,5.5,2020-03-20,3.0,0.3,0.37,0.44,0.39,3318.0,845.0,3.93,214.51,00:00
2020-03-17,OPK,1.81,Call,1.0,2020-04-03,17.0,0.6,0.75,0.9,0.85,713.0,183.0,3.9,234.38,16:08
2020-03-17,BB,2.9,Call,3.5,2020-03-27,10.0,0.1,0.11,0.12,0.11,737.0,189.0,3.9,154.92,00:00
2020-03-17,M,6.7,Call,9.0,2020-04-17,31.0,0.15,0.34,0.53,0.24,1774.0,460.0,3.86,109.96,00:00
2020-03-17,TWTR,24.48,Call,24.0,2020-03-20,3.0,1.28,1.45,1.61,1.39,2273.0,594.0,3.83,129.24,00:00
2020-03-17,NKE,69.84,Put,73.0,2020-03-20,3.0,2.55,3.93,5.3,4.4,535.0,140.0,3.82,97.46,00:00
2020-03-17,URI,81.43,Put,130.0,2020-06-19,94.0,48.5,50.35,52.2,54.0,3915.0,1026.0,3.82,106.53,00:00
2020-03-17,NEE,221.76,Put,240.0,2021-01-15,304.0,44.7,47.1,49.5,45.36,885.0,232.0,3.81,44.66,00:00
2020-03-17,ROKU,69.46,Put,60.0,2020-03-20,3.0,1.34,1.43,1.52,1.4,4678.0,1228.0,3.81,200.99,16:14
2020-03-17,SFIX,13.58,Call,14.0,2020-04-17,31.0,1.3,1.48,1.65,1.57,513.0,135.0,3.8,110.53,14:59
2020-03-17,WYNN,54.38,Put,50.0,2020-03-27,10.0,6.7,7.6,8.5,6.85,1177.0,310.0,3.8,259.75,16:14
2020-03-17,DIS,93.3,Call,92.0,2020-03-20,3.0,4.55,5.7,6.85,4.63,538.0,142.0,3.79,113.63,16:10
2020-03-17,SFIX,13.58,Call,15.0,2020-03-20,3.0,0.1,0.2,0.3,0.16,1323.0,349.0,3.79,122.3,16:13
2020-03-17,CCL,12.71,Put,17.5,2020-06-19,94.0,6.7,6.9,7.1,7.03,1504.0,398.0,3.78,143.64,00:00
2020-03-17,AGN,171.84,Put,155.0,2020-04-17,31.0,4.45,6.73,9.0,7.42,2028.0,537.0,3.78,75.88,00:00
2020-03-17,COST,306.99,Call,300.0,2020-03-27,10.0,15.8,17.4,19.0,17.5,543.0,144.0,3.77,68.2,16:12
2020-03-17,F,5.01,Call,3.0,2022-01-21,675.0,2.35,2.39,2.43,2.37,2453.0,653.0,3.76,48.53,00:00
2020-03-17,AMZN,1807.84,Put,1770.0,2020-03-20,3.0,35.1,37.83,40.55,36.44,942.0,251.0,3.75,82.45,16:14
2020-03-17,MRNA,28.18,Call,31.0,2020-03-20,3.0,1.5,1.63,1.75,1.54,1368.0,367.0,3.73,254.87,16:13
2020-03-17,PENN,7.33,Put,8.0,2020-04-17,31.0,3.1,3.3,3.5,3.3,703.0,190.0,3.7,346.48,16:11
2020-03-17,ROKU,69.46,Call,76.0,2020-03-20,3.0,1.2,1.35,1.5,1.39,1297.0,352.0,3.68,144.45,16:14
2020-03-17,DAL,31.74,Put,20.0,2020-04-17,31.0,2.31,3.53,4.75,2.31,977.0,266.0,3.67,227.07,00:00
2020-03-17,V,157.89,Call,165.0,2020-05-15,59.0,11.0,11.43,11.85,10.3,1035.0,282.0,3.67,51.93,00:00
2020-03-17,V,157.89,Call,160.0,2020-03-20,3.0,4.9,5.08,5.25,5.0,1206.0,329.0,3.67,104.21,00:00
2020-03-17,PE,4.88,Call,7.5,2021-01-15,304.0,0.85,0.88,0.9,0.9,513.0,140.0,3.66,88.74,00:00
2020-03-17,LYFT,18.66,Call,15.0,2020-03-20,3.0,3.9,4.28,4.65,4.2,519.0,142.0,3.65,299.4,16:14
2020-03-17,AAPL,250.8,Call,250.0,2020-03-20,3.0,10.25,10.73,11.2,11.1,26211.0,7179.0,3.65,105.44,16:14
2020-03-17,UBER,18.91,Call,18.0,2020-03-20,3.0,1.7,1.86,2.02,1.68,759.0,209.0,3.63,175.18,00:00
2020-03-17,TSLA,430.2,Call,415.0,2020-03-20,3.0,32.55,35.55,38.55,37.0,1369.0,377.0,3.63,188.26,16:14
2020-03-17,TSLA,430.2,Put,375.0,2020-03-20,3.0,11.3,11.63,11.95,11.55,3241.0,892.0,3.63,219.33,16:14
2020-03-17,BA,124.14,Call,160.0,2020-03-20,3.0,1.42,1.58,1.74,1.74,3510.0,970.0,3.62,236.17,00:00
2020-03-17,PTON,25.45,Call,65.0,2020-07-17,122.0,0.05,0.15,0.25,0.15,1012.0,280.0,3.61,80.03,15:54
2020-03-17,SNAP,8.91,Call,10.5,2020-03-27,10.0,0.2,0.24,0.27,0.2,1084.0,300.0,3.61,115.42,00:00
2020-03-17,ROKU,69.46,Call,80.0,2020-03-20,3.0,0.45,0.52,0.59,0.57,4788.0,1330.0,3.6,135.56,16:15
2020-03-17,LYFT,18.66,Put,15.0,2020-04-17,31.0,2.13,2.21,2.28,2.2,1193.0,332.0,3.59,195.41,16:14
2020-03-17,JPM,93.76,Call,93.0,2020-03-20,3.0,3.3,4.55,5.8,4.14,680.0,190.0,3.58,110.86,00:00
2020-03-17,AMZN,1807.84,Call,1800.0,2020-04-17,31.0,130.95,134.65,138.35,139.85,2117.0,592.0,3.58,64.33,16:12
2020-03-17,TSLA,430.2,Call,550.0,2020-03-27,10.0,5.85,6.23,6.6,6.65,811.0,227.0,3.57,130.27,16:14
2020-03-17,AMAT,44.86,Call,50.0,2020-04-17,31.0,1.35,2.3,3.25,2.0,1415.0,396.0,3.57,73.51,16:14
2020-03-17,BA,124.14,Put,100.0,2020-04-17,31.0,14.2,15.23,16.25,14.61,2326.0,651.0,3.57,194.35,00:00
2020-03-17,NWL,13.26,Call,16.0,2020-04-17,31.0,0.35,0.4,0.45,0.5,837.0,236.0,3.55,87.52,15:51
2020-03-17,BAC,21.98,Call,23.0,2020-03-27,10.0,1.21,1.3,1.38,1.29,2945.0,831.0,3.54,118.03,00:00
2020-03-17,MS,33.79,Call,37.5,2020-03-20,3.0,0.07,0.29,0.5,0.2,705.0,200.0,3.53,99.83,00:00
2020-03-17,KMI,12.64,Call,16.0,2020-06-19,94.0,0.66,0.76,0.86,1.0,720.0,204.0,3.53,79.75,00:00
2020-03-17,BP,18.84,Call,23.0,2020-10-16,213.0,1.51,1.87,2.22,1.9,1331.0,377.0,3.53,56.37,00:00
2020-03-17,TSLA,430.2,Put,420.0,2020-03-20,3.0,23.95,25.0,26.05,24.55,5868.0,1663.0,3.53,191.41,16:15
2020-03-17,LB,10.13,Call,20.0,2020-08-21,157.0,0.8,0.98,1.15,1.02,1000.0,284.0,3.52,114.12,00:00
2020-03-17,FDX,94.96,Put,90.0,2020-03-20,3.0,4.5,5.25,6.0,5.25,593.0,169.0,3.51,223.88,00:00
2020-03-17,FDX,94.96,Call,100.0,2020-03-20,3.0,4.0,5.05,6.1,4.73,763.0,218.0,3.5,197.65,00:00
2020-03-17,ROKU,69.46,Put,66.0,2020-03-20,3.0,2.46,2.73,3.0,2.99,1263.0,361.0,3.5,184.54,16:12
2020-03-17,TSLA,430.2,Put,450.0,2020-03-27,10.0,55.2,57.58,59.95,55.85,3704.0,1057.0,3.5,156.57,16:14
2020-03-17,GE,7.08,Call,7.0,2020-04-03,17.0,0.8,0.86,0.92,0.72,509.0,146.0,3.49,116.62,00:00
2020-03-17,SPCE,12.66,Call,15.0,2020-03-20,3.0,0.25,0.28,0.3,0.29,6513.0,1867.0,3.49,216.65,00:00
2020-03-17,AMZN,1807.84,Call,1815.0,2020-03-20,3.0,46.0,49.18,52.35,50.0,570.0,164.0,3.48,81.51,16:14
2020-03-17,TSLA,430.2,Call,600.0,2020-03-27,10.0,2.1,2.4,2.7,2.41,2461.0,707.0,3.48,125.13,16:14
2020-03-17,SQ,44.73,Put,37.5,2020-04-17,31.0,3.05,3.13,3.2,3.15,761.0,219.0,3.47,128.98,00:00
2020-03-17,NEE,221.76,Put,180.0,2020-04-17,31.0,4.1,6.45,8.8,5.2,1203.0,348.0,3.46,83.47,00:00
2020-03-17,TSLA,430.2,Call,490.0,2020-03-20,3.0,6.45,6.68,6.9,6.5,1641.0,474.0,3.46,158.0,16:14
2020-03-17,TJX,42.51,Call,50.0,2020-04-17,31.0,1.6,1.7,1.8,1.65,545.0,158.0,3.45,82.32,00:00
2020-03-17,SWN,2.12,Put,2.0,2020-03-27,10.0,0.1,0.21,0.31,0.25,677.0,196.0,3.45,226.82,00:00
2020-03-17,KR,33.0,Put,32.0,2021-01-15,304.0,3.9,4.53,5.15,5.15,727.0,211.0,3.45,49.74,00:00
2020-03-17,NVDA,217.27,Call,310.0,2020-09-18,185.0,7.4,8.5,9.6,7.84,1120.0,325.0,3.45,49.87,15:01
2020-03-17,GM,20.32,Call,22.0,2020-03-20,3.0,0.3,0.38,0.45,0.4,1188.0,345.0,3.44,134.52,00:00
2020-03-17,FDX,94.96,Call,135.0,2021-01-15,304.0,5.25,7.03,8.8,5.5,715.0,209.0,3.42,46.01,00:00
2020-03-17,UNFI,10.01,Put,5.0,2020-04-17,31.0,0.1,0.18,0.25,0.2,820.0,240.0,3.42,192.57,00:00
2020-03-17,C,40.25,Put,42.5,2020-09-18,185.0,8.3,9.15,10.0,9.85,1401.0,410.0,3.42,76.38,00:00
2020-03-17,AAL,15.5,Call,21.5,2020-03-27,10.0,0.3,0.41,0.51,0.42,1150.0,337.0,3.41,184.91,16:10
2020-03-17,MRNA,28.18,Call,50.0,2020-03-20,3.0,0.05,0.15,0.25,0.2,1616.0,474.0,3.41,362.43,16:00
2020-03-17,AMZN,1807.84,Call,1800.0,2020-03-20,3.0,55.0,58.1,61.2,57.54,6061.0,1777.0,3.41,81.87,16:14
2020-03-17,ROKU,69.46,Call,77.0,2020-03-20,3.0,0.97,1.13,1.28,1.13,717.0,211.0,3.4,141.93,16:14
2020-03-17,NET,18.69,Call,25.0,2020-12-18,276.0,2.35,2.68,3.0,2.2,1402.0,413.0,3.39,62.33,00:00
2020-03-17,BYND,60.12,Put,40.0,2020-04-17,31.0,1.39,1.45,1.51,1.5,620.0,185.0,3.35,136.47,16:11
2020-03-17,FCX,6.48,Call,7.0,2020-04-09,23.0,0.5,0.67,0.83,0.73,692.0,207.0,3.34,143.93,00:00
2020-03-17,FCX,6.48,Call,6.5,2020-03-20,3.0,0.37,0.5,0.63,0.41,1193.0,358.0,3.33,178.95,00:00
2020-03-17,C,40.25,Put,42.0,2020-03-20,3.0,1.58,3.29,5.0,3.65,1203.0,362.0,3.32,180.93,00:00
2020-03-17,UBER,18.91,Call,50.0,2022-01-21,675.0,1.4,1.52,1.64,1.5,25905.0,7811.0,3.32,60.98,00:00
2020-03-17,X,5.58,Put,6.0,2020-03-20,3.0,0.55,0.6,0.65,0.61,2349.0,711.0,3.3,173.31,00:00
2020-03-17,CLR,8.29,Put,10.0,2020-04-17,31.0,2.6,2.85,3.1,3.1,1014.0,308.0,3.29,205.43,00:00
2020-03-17,GE,7.08,Call,6.5,2020-03-27,10.0,0.77,0.98,1.19,0.96,853.0,260.0,3.28,148.13,00:00
2020-03-17,UAL,30.67,Call,36.0,2020-03-20,3.0,0.85,2.45,4.05,1.0,1480.0,451.0,3.28,243.47,16:14
2020-03-17,FB,149.42,Put,45.0,2021-01-15,304.0,0.0,0.46,0.91,0.8,518.0,159.0,3.26,74.61,12:49
2020-03-17,Z,27.85,Put,22.5,2020-03-20,3.0,0.8,0.85,0.9,0.9,581.0,178.0,3.26,316.92,16:09
2020-03-17,CCL,12.71,Call,70.0,2022-01-21,675.0,0.45,0.58,0.7,0.7,1019.0,313.0,3.26,78.54,00:00
2020-03-17,ROKU,69.46,Call,67.0,2020-03-20,3.0,5.25,5.63,6.0,5.6,524.0,161.0,3.25,172.51,16:13
2020-03-17,BAC,21.98,Call,28.5,2020-04-09,23.0,0.18,0.23,0.28,0.22,1306.0,402.0,3.25,78.77,00:00
2020-03-17,AMZN,1807.84,Call,1790.0,2020-03-20,3.0,60.95,64.2,67.45,57.45,919.0,285.0,3.22,73.59,16:13
2020-03-17,TSLA,430.2,Put,435.0,2020-03-20,3.0,28.15,29.92,31.7,31.5,4297.0,1340.0,3.21,185.98,16:14
2020-03-17,GM,20.32,Put,17.0,2020-03-20,3.0,0.3,0.32,0.35,0.31,764.0,239.0,3.2,205.19,00:00
2020-03-17,FB,149.42,Call,160.0,2020-03-20,3.0,1.05,1.16,1.27,1.19,8756.0,2739.0,3.2,84.03,16:14
2020-03-17,FB,149.42,Call,162.5,2020-04-03,17.0,2.83,3.44,4.05,4.05,559.0,175.0,3.19,67.93,16:12
2020-03-17,FDX,94.96,Put,65.0,2020-03-20,3.0,0.66,0.78,0.9,0.66,568.0,178.0,3.19,287.42,00:00
2020-03-17,SQ,44.73,Put,35.0,2020-03-20,3.0,0.35,0.37,0.38,0.4,1260.0,395.0,3.19,217.83,00:00
2020-03-17,MU,37.38,Call,37.0,2020-03-20,3.0,1.62,1.95,2.28,1.85,1446.0,454.0,3.19,122.8,16:07
2020-03-17,TSLA,430.2,Put,430.0,2020-03-20,3.0,28.5,29.6,30.7,28.5,4120.0,1293.0,3.19,184.23,16:15
2020-03-17,TSLA,430.2,Put,300.0,2020-03-27,10.0,13.15,13.33,13.5,13.35,4788.0,1500.0,3.19,236.13,16:14
2020-03-17,BAC,21.98,Call,22.0,2020-03-20,3.0,1.02,1.13,1.24,1.02,18084.0,5689.0,3.18,129.43,00:00
2020-03-17,RCL,27.66,Call,31.0,2020-03-20,3.0,1.15,1.42,1.69,1.55,569.0,180.0,3.16,276.28,00:00
2020-03-17,DOW,26.6,Call,28.0,2020-03-20,3.0,0.5,0.78,1.05,1.0,514.0,163.0,3.15,162.49,00:00
2020-03-17,DAL,31.74,Put,28.0,2020-03-20,3.0,1.15,1.29,1.43,1.29,2345.0,745.0,3.15,257.17,00:00
2020-03-17,BP,18.84,Call,19.0,2020-03-20,3.0,0.54,0.79,1.04,0.68,661.0,211.0,3.13,110.58,00:00
2020-03-17,TSLA,430.2,Call,485.0,2020-03-20,3.0,6.2,7.05,7.9,7.67,894.0,286.0,3.13,160.63,16:14
2020-03-17,MU,37.38,Call,35.0,2020-03-20,3.0,2.54,3.15,3.75,3.3,1170.0,375.0,3.12,143.14,16:13
2020-03-17,PTON,25.45,Call,28.0,2020-03-20,3.0,0.8,0.93,1.05,0.9,1827.0,586.0,3.12,197.93,16:13
2020-03-17,WYNN,54.38,Put,45.0,2020-04-17,31.0,8.0,8.8,9.6,8.06,523.0,168.0,3.11,215.41,16:14
2020-03-17,BA,124.14,Call,200.0,2020-03-27,10.0,0.8,1.02,1.24,1.14,1233.0,398.0,3.1,181.95,00:00
2020-03-17,C,40.25,Call,60.0,2020-04-17,31.0,0.23,0.36,0.49,0.29,1689.0,548.0,3.08,85.85,00:00
2020-03-17,AMZN,1807.84,Put,1400.0,2020-03-20,3.0,1.5,1.6,1.7,1.5,3240.0,1052.0,3.08,138.05,16:12
2020-03-17,SLB,14.0,Put,12.5,2021-01-15,304.0,2.99,3.4,3.8,3.67,611.0,199.0,3.07,96.04,00:00
2020-03-17,AAPL,250.8,Call,255.0,2020-03-27,10.0,14.1,14.33,14.55,14.2,2599.0,853.0,3.05,90.71,16:14
2020-03-17,CHWY,27.91,Call,28.0,2020-03-20,3.0,1.0,1.18,1.35,1.15,632.0,208.0,3.04,118.05,00:00
2020-03-17,SQ,44.73,Put,35.0,2020-03-27,10.0,1.2,1.23,1.26,1.24,678.0,223.0,3.04,174.08,00:00
2020-03-17,TWTR,24.48,Put,19.0,2020-04-17,31.0,0.78,0.86,0.94,0.9,692.0,228.0,3.04,113.68,00:00
2020-03-17,ROKU,69.46,Put,45.0,2020-04-17,31.0,1.6,1.81,2.02,1.86,1291.0,424.0,3.04,145.83,16:11
2020-03-17,AMZN,1807.84,Call,1775.0,2020-03-20,3.0,70.5,73.13,75.75,86.0,613.0,202.0,3.03,105.29,15:58
2020-03-17,SNAP,8.91,Call,9.0,2020-07-17,122.0,1.65,1.71,1.77,1.77,2054.0,677.0,3.03,87.86,00:00
2020-03-17,SBUX,58.98,Put,47.5,2020-04-17,31.0,2.53,2.61,2.68,2.68,1054.0,349.0,3.02,113.92,16:13
2020-03-17,MSFT,146.57,Call,144.0,2020-03-20,3.0,5.4,6.65,7.9,6.55,1635.0,542.0,3.02,98.13,16:14
2020-03-17,AAPL,250.8,Put,242.5,2020-03-27,10.0,10.9,11.28,11.65,11.4,575.0,191.0,3.01,98.56,16:14
2020-03-17,FCX,6.48,Call,6.0,2020-03-20,3.0,0.68,0.73,0.77,0.7,657.0,218.0,3.01,184.76,00:00
2020-03-17,BA,124.14,Put,85.0,2020-03-27,10.0,5.0,5.55,6.1,5.45,753.0,250.0,3.01,279.91,00:00
2020-03-17,UBER,18.91,Put,15.0,2020-03-27,10.0,0.95,0.98,1.0,0.99,2034.0,676.0,3.01,222.86,00:00
2020-03-17,SQ,44.73,Put,30.0,2020-03-27,10.0,0.62,0.63,0.63,0.63,826.0,275.0,3.0,197.07,00:00
2020-03-17,MRNA,28.18,Call,32.0,2020-03-20,3.0,0.9,1.23,1.55,1.25,860.0,287.0,3.0,253.3,16:04
2020-03-17,INTC,50.08,Call,50.0,2020-05-15,59.0,4.65,5.2,5.75,5.11,1274.0,425.0,3.0,62.59,16:07
2020-03-17,TSLA,430.2,Call,510.0,2020-03-20,3.0,3.4,3.63,3.85,3.6,2149.0,716.0,3.0,154.87,16:14
2020-03-17,UBER,18.91,Call,20.0,2020-03-20,3.0,0.7,0.83,0.96,0.8,7518.0,2510.0,3.0,180.82,00:00
2020-03-17,MRNA,28.18,Call,34.0,2020-03-20,3.0,0.7,0.9,1.1,1.0,599.0,201.0,2.98,274.63,16:00
2020-03-17,ROKU,69.46,Put,60.0,2020-03-27,10.0,2.62,2.94,3.25,2.76,1223.0,411.0,2.98,150.86,16:14
2020-03-17,MS,33.79,Call,40.0,2020-04-17,31.0,0.45,1.04,1.63,1.05,2649.0,889.0,2.98,75.95,00:00
2020-03-17,FB,149.42,Call,150.0,2020-03-20,3.0,4.3,4.65,5.0,5.0,4940.0,1655.0,2.98,97.49,16:15
2020-03-17,UBER,18.91,Call,40.0,2022-01-21,675.0,2.25,2.43,2.61,2.41,26324.0,8847.0,2.98,62.66,00:00
2020-03-17,ABEV,2.3,Call,2.5,2020-10-16,213.0,0.35,0.45,0.55,0.55,1428.0,483.0,2.96,88.86,00:00
2020-03-17,PFE,32.16,Call,32.0,2020-03-20,3.0,1.04,1.15,1.25,1.11,1774.0,601.0,2.95,88.47,00:00
2020-03-17,SQ,44.73,Put,43.0,2020-03-20,3.0,1.78,2.13,2.47,2.14,813.0,277.0,2.94,184.67,00:00
2020-03-17,AAPL,250.8,Call,252.5,2020-03-27,10.0,14.9,15.48,16.05,15.73,901.0,306.0,2.94,92.96,16:13
2020-03-17,AMD,41.88,Call,42.5,2020-03-20,3.0,1.8,1.89,1.97,1.88,5034.0,1715.0,2.94,142.54,16:14
2020-03-17,SBUX,58.98,Put,57.0,2020-03-20,3.0,1.48,1.99,2.5,1.93,606.0,207.0,2.93,134.21,16:14
2020-03-17,MSFT,146.57,Call,140.0,2020-03-27,10.0,11.65,13.05,14.45,12.91,1428.0,488.0,2.93,97.63,16:14
2020-03-17,NEE,221.76,Call,250.0,2020-04-17,31.0,7.5,8.55,9.6,8.02,506.0,173.0,2.92,68.72,00:00
2020-03-17,FB,149.42,Call,150.0,2020-03-27,10.0,7.2,8.0,8.8,7.7,639.0,219.0,2.92,80.59,16:14
2020-03-17,BABA,184.81,Call,182.5,2020-03-20,3.0,6.4,6.78,7.15,7.5,1300.0,446.0,2.91,94.37,00:00
2020-03-17,DOW,26.6,Call,25.0,2020-04-17,31.0,3.7,4.0,4.3,4.0,1834.0,631.0,2.91,104.45,00:00
2020-03-17,HD,173.64,Call,200.0,2020-05-15,59.0,11.45,12.5,13.55,12.11,623.0,215.0,2.9,76.38,00:00
2020-03-17,AMZN,1807.84,Call,1805.0,2020-03-20,3.0,51.8,55.0,58.2,60.45,712.0,246.0,2.89,90.18,16:14
2020-03-17,GPRO,2.27,Put,2.0,2020-04-17,31.0,0.38,0.4,0.41,0.41,544.0,189.0,2.88,222.4,16:14
2020-03-17,TGT,103.63,Put,92.0,2020-03-20,3.0,0.45,0.96,1.46,0.85,638.0,223.0,2.86,125.77,00:00
2020-03-17,F,5.01,Call,5.0,2020-03-27,10.0,0.47,0.49,0.51,0.49,731.0,256.0,2.86,146.85,00:00
2020-03-17,AAPL,250.8,Call,255.0,2020-04-03,17.0,17.05,17.5,17.95,17.52,1114.0,390.0,2.86,84.66,16:14
2020-03-17,SPCE,12.66,Call,13.0,2020-03-20,3.0,0.65,0.8,0.95,0.91,1362.0,478.0,2.85,231.17,00:00
2020-03-17,MSFT,146.57,Call,143.0,2020-03-27,10.0,8.6,9.83,11.05,11.07,688.0,242.0,2.84,95.77,16:11
2020-03-17,BAC,21.98,Put,18.5,2020-03-27,10.0,0.8,0.9,0.99,0.81,702.0,247.0,2.84,158.82,00:00
2020-03-17,FB,149.42,Put,126.0,2020-03-20,3.0,0.19,0.36,0.53,0.49,1204.0,426.0,2.83,127.47,15:57
2020-03-17,FB,149.42,Call,155.0,2020-03-20,3.0,2.45,2.67,2.88,2.5,3817.0,1351.0,2.83,86.77,16:15
2020-03-17,UBER,18.91,Put,18.0,2020-03-27,10.0,1.77,1.85,1.93,1.87,853.0,303.0,2.82,189.52,00:00
2020-03-17,AGN,171.84,Put,155.0,2020-03-20,3.0,1.0,1.98,2.95,3.0,2439.0,866.0,2.82,153.15,00:00
2020-03-17,NVDA,217.27,Put,150.0,2020-03-27,10.0,1.14,1.48,1.81,1.5,582.0,207.0,2.81,154.38,16:11
2020-03-17,BABA,184.81,Put,170.0,2020-03-27,10.0,3.35,3.58,3.8,3.5,1108.0,394.0,2.81,77.45,00:00
2020-03-17,SNAP,8.91,Call,9.0,2020-03-20,3.0,0.44,0.47,0.5,0.42,4113.0,1465.0,2.81,143.08,00:00
2020-03-17,C,40.25,Call,57.5,2020-09-18,185.0,1.3,1.72,2.14,1.6,597.0,213.0,2.8,51.74,00:00
2020-03-17,GIS,59.67,Call,65.0,2020-03-20,3.0,0.13,0.27,0.4,0.32,3532.0,1263.0,2.8,84.7,00:00
2020-03-17,BA,124.14,Put,110.0,2020-04-17,31.0,18.3,19.75,21.2,19.45,905.0,324.0,2.79,193.61,00:00
2020-03-17,BA,124.14,Put,85.0,2020-03-20,3.0,1.6,1.63,1.65,1.65,6624.0,2374.0,2.79,339.46,00:00
2020-03-17,KMI,12.64,Call,17.0,2020-09-18,185.0,0.71,0.92,1.14,1.0,582.0,209.0,2.78,62.65,00:00
2020-03-17,UBER,18.91,Put,13.0,2020-03-20,3.0,0.1,0.12,0.13,0.12,1370.0,492.0,2.78,278.79,00:00
2020-03-17,MU,37.38,Call,39.0,2020-03-20,3.0,1.08,1.18,1.28,1.1,1216.0,440.0,2.76,129.93,16:14
2020-03-17,AAL,15.5,Put,12.0,2020-06-19,94.0,3.25,3.35,3.45,3.32,7671.0,2776.0,2.76,184.2,16:14
2020-03-17,LOW,73.79,Call,85.0,2020-04-17,31.0,0.6,2.75,4.9,2.82,517.0,188.0,2.75,76.4,00:00
2020-03-17,TTWO,116.47,Put,105.0,2020-06-19,94.0,7.8,8.45,9.1,10.19,1135.0,413.0,2.75,69.17,11:03
2020-03-17,C,40.25,Call,40.0,2020-06-19,94.0,6.45,6.9,7.35,6.81,1309.0,476.0,2.75,82.15,00:00
2020-03-17,BABA,184.81,Put,130.0,2020-07-17,122.0,4.25,4.45,4.65,4.3,807.0,294.0,2.74,60.46,00:00
2020-03-17,BAC,21.98,Call,23.0,2020-04-03,17.0,1.4,1.54,1.68,1.46,1054.0,384.0,2.74,99.45,00:00
2020-03-17,BAC,21.98,Call,22.0,2020-03-27,10.0,1.72,1.88,2.04,1.64,2503.0,912.0,2.74,113.54,00:00
2020-03-17,BA,124.14,Put,155.0,2020-09-18,185.0,55.95,57.7,59.45,59.05,540.0,198.0,2.73,110.82,00:00
2020-03-17,AAL,15.5,Put,17.5,2020-03-20,3.0,1.67,2.19,2.7,2.23,842.0,308.0,2.73,165.72,15:11
2020-03-17,AMZN,1807.84,Put,1300.0,2020-03-20,3.0,0.6,0.7,0.8,0.73,1503.0,550.0,2.73,156.28,16:12
2020-03-17,SBUX,58.98,Put,40.0,2020-03-27,10.0,0.62,0.84,1.06,0.81,504.0,185.0,2.72,191.45,16:09
2020-03-17,DRI,41.93,Put,40.0,2020-04-17,31.0,8.9,9.85,10.8,10.8,667.0,245.0,2.72,252.73,00:00
2020-03-17,AMZN,1807.84,Call,1770.0,2020-03-20,3.0,74.1,77.43,80.75,77.0,838.0,308.0,2.72,86.44,16:14
2020-03-17,BYND,60.12,Call,70.0,2020-03-20,3.0,0.26,0.38,0.49,0.27,869.0,319.0,2.72,119.09,16:14
2020-03-17,BA,124.14,Put,125.0,2020-03-20,3.0,10.5,11.9,13.3,11.95,1330.0,489.0,2.72,256.32,00:00
2020-03-17,FANG,20.38,Call,30.0,2020-06-19,94.0,1.05,2.63,4.2,2.45,501.0,185.0,2.71,123.83,15:08
2020-03-17,C,40.25,Call,44.0,2020-03-20,3.0,0.5,0.85,1.2,0.62,1056.0,393.0,2.69,127.85,00:00
2020-03-17,BMY,54.09,Call,53.0,2020-03-20,3.0,1.59,1.95,2.31,1.44,597.0,223.0,2.68,39.84,00:00
2020-03-17,F,5.01,Call,6.0,2020-04-03,17.0,0.15,0.2,0.25,0.22,510.0,191.0,2.67,124.33,00:00
2020-03-17,FDX,94.96,Put,85.0,2020-03-20,3.0,3.65,3.7,3.75,3.5,531.0,199.0,2.67,229.49,00:00
2020-03-17,RCL,27.66,Call,30.0,2020-03-20,3.0,1.76,1.94,2.13,1.89,933.0,350.0,2.67,280.0,00:00
2020-03-17,NG,8.76,Call,14.0,2020-09-18,185.0,0.3,0.48,0.65,0.45,1261.0,473.0,2.67,66.62,00:00
2020-03-17,AAPL,250.8,Call,260.0,2020-04-03,17.0,14.4,14.83,15.25,15.08,1123.0,422.0,2.66,83.23,16:06
2020-03-17,AGN,171.84,Put,140.0,2020-03-20,3.0,0.01,0.63,1.25,0.5,2473.0,928.0,2.66,143.8,00:00
2020-03-17,LYFT,18.66,Put,17.5,2020-07-17,122.0,4.2,4.35,4.5,4.48,500.0,189.0,2.65,124.66,16:15
2020-03-17,UBER,18.91,Call,20.0,2020-03-27,10.0,1.21,1.52,1.83,1.71,549.0,207.0,2.65,172.63,00:00
2020-03-17,ET,5.25,Call,5.0,2022-01-21,675.0,2.1,2.34,2.58,2.58,5391.0,2033.0,2.65,92.82,00:00
2020-03-17,LRCX,229.3,Put,155.0,2020-06-19,94.0,8.3,10.18,12.05,12.05,657.0,249.0,2.64,101.28,11:42
2020-03-17,FCX,6.48,Call,7.0,2020-06-19,94.0,1.15,1.21,1.26,1.23,704.0,267.0,2.64,108.95,00:00
2020-03-17,M,6.7,Put,5.0,2020-03-20,3.0,0.09,0.12,0.14,0.11,2198.0,832.0,2.64,297.88,00:00
2020-03-17,AVGO,199.51,Call,215.0,2020-03-20,3.0,0.85,1.68,2.5,1.31,1360.0,517.0,2.63,82.83,16:09
2020-03-17,SDC,4.98,Put,5.0,2020-03-20,3.0,0.3,0.35,0.4,0.3,693.0,265.0,2.62,160.97,16:14
2020-03-17,GE,7.08,Put,6.0,2020-04-03,17.0,0.42,0.45,0.49,0.45,1588.0,610.0,2.6,156.46,00:00
2020-03-17,PFE,32.16,Put,30.5,2020-03-20,3.0,0.04,0.35,0.65,0.55,1872.0,719.0,2.6,106.25,00:00
2020-03-17,BA,124.14,Call,170.0,2020-03-20,3.0,0.84,0.94,1.03,0.94,2894.0,1111.0,2.6,234.1,00:00
2020-03-17,ROKU,69.46,Put,65.0,2020-03-20,3.0,2.6,2.62,2.64,2.58,6661.0,2565.0,2.6,183.83,16:15
2020-03-17,AAPL,250.8,Put,252.5,2020-03-27,10.0,15.05,15.25,15.45,15.15,737.0,285.0,2.59,92.32,16:14
2020-03-17,LVS,40.86,Put,25.0,2020-06-19,94.0,3.4,3.53,3.65,3.6,838.0,324.0,2.59,149.45,00:00
2020-03-17,DRI,41.93,Put,40.0,2020-03-20,3.0,5.0,6.0,7.0,5.46,749.0,292.0,2.57,433.53,00:00
2020-03-17,TSLA,430.2,Call,460.0,2020-05-15,59.0,73.45,76.63,79.8,74.5,791.0,308.0,2.57,124.96,15:55
2020-03-17,BABA,184.81,Call,235.0,2021-06-18,458.0,11.75,12.4,13.05,13.43,1019.0,397.0,2.57,33.99,00:00
2020-03-17,CLX,197.88,Call,200.0,2020-03-20,3.0,6.3,6.9,7.5,6.3,1244.0,484.0,2.57,101.51,00:00
2020-03-17,AMD,41.88,Put,40.5,2020-03-20,3.0,1.42,1.6,1.77,1.67,1864.0,724.0,2.57,154.3,16:15
2020-03-17,AMZN,1807.84,Put,1500.0,2020-03-27,10.0,12.55,14.98,17.4,15.0,691.0,270.0,2.56,95.38,16:12
2020-03-17,NEE,221.76,Put,220.0,2021-01-15,304.0,34.5,36.5,38.5,34.63,869.0,340.0,2.56,46.22,00:00
2020-03-17,AAPL,250.8,Call,265.0,2020-03-27,10.0,8.6,8.95,9.3,9.2,1478.0,577.0,2.56,84.44,16:15
2020-03-17,CCL,12.71,Put,10.0,2020-06-19,94.0,2.8,2.9,3.0,2.97,3116.0,1217.0,2.56,191.12,00:00
2020-03-17,UBER,18.91,Put,19.0,2020-03-20,3.0,1.36,1.4,1.43,1.42,3562.0,1394.0,2.56,200.94,00:00
2020-03-17,TSLA,430.2,Put,250.0,2020-03-27,10.0,6.85,7.2,7.55,7.2,4560.0,1788.0,2.55,263.63,16:14
2020-03-17,JPM,93.76,Call,90.0,2020-03-27,10.0,8.6,9.38,10.15,8.3,713.0,281.0,2.54,102.68,00:00
2020-03-17,AMZN,1807.84,Call,1800.0,2020-03-27,10.0,88.4,92.43,96.45,92.0,934.0,367.0,2.54,73.61,16:14
2020-03-17,MSFT,146.57,Put,135.0,2020-04-03,17.0,6.05,6.4,6.75,6.3,1305.0,514.0,2.54,92.42,16:13
2020-03-17,AAPL,250.8,Call,275.0,2020-03-20,3.0,1.15,1.3,1.45,1.15,24054.0,9477.0,2.54,79.5,16:15
2020-03-17,UBER,18.91,Put,14.0,2020-03-20,3.0,0.15,0.18,0.2,0.18,2412.0,955.0,2.53,258.89,00:00
2020-03-17,ZM,111.26,Call,122.0,2020-03-20,3.0,1.15,1.35,1.55,1.4,765.0,303.0,2.52,121.08,16:14
2020-03-17,AAPL,250.8,Put,220.0,2020-03-27,10.0,5.6,5.88,6.15,6.05,2169.0,862.0,2.52,115.09,16:14
2020-03-17,TSLA,430.2,Call,470.0,2020-03-20,3.0,10.5,11.05,11.6,11.55,1932.0,770.0,2.51,165.37,16:14
2020-03-17,SBUX,58.98,Put,50.0,2020-03-20,3.0,0.59,0.82,1.05,0.8,2829.0,1129.0,2.51,186.81,16:14
2020-03-17,AMD,41.88,Call,40.0,2020-03-20,3.0,3.0,3.2,3.4,3.39,6943.0,2763.0,2.51,157.31,16:14
2020-03-17,ROKU,69.46,Put,50.0,2020-03-27,10.0,1.1,1.14,1.17,1.1,996.0,398.0,2.5,175.9,16:13
2020-03-17,AMZN,1807.84,Call,2000.0,2020-03-27,10.0,12.0,13.3,14.6,13.45,1113.0,446.0,2.5,57.42,16:14
2020-03-17,UBER,18.91,Put,18.0,2020-04-17,31.0,2.65,2.72,2.78,2.72,2926.0,1169.0,2.5,148.71,16:14
2020-03-17,JCP,0.51,Call,0.5,2020-08-21,157.0,0.15,0.2,0.24,0.22,781.0,314.0,2.49,170.54,16:02
2020-03-17,RCL,27.66,Put,20.0,2020-03-27,10.0,2.2,2.38,2.56,2.43,572.0,231.0,2.48,352.7,16:14
2020-03-17,ROKU,69.46,Call,80.0,2020-03-27,10.0,1.65,1.89,2.13,1.7,553.0,224.0,2.47,109.87,16:12
2020-03-17,JPM,93.76,Put,82.0,2020-03-20,3.0,1.24,1.74,2.24,1.28,1254.0,508.0,2.47,162.96,15:31
2020-03-17,AAPL,250.8,Call,265.0,2020-03-20,3.0,3.75,3.78,3.8,3.77,18815.0,7615.0,2.47,90.64,16:14
2020-03-17,AMD,41.88,Put,35.0,2020-10-16,213.0,5.7,6.0,6.3,6.05,826.0,336.0,2.46,80.44,16:07
2020-03-17,NKE,69.84,Call,100.0,2020-10-16,213.0,1.3,1.71,2.12,1.65,682.0,278.0,2.45,40.61,16:08
2020-03-17,AAL,15.5,Put,17.0,2020-03-27,10.0,3.05,3.4,3.75,3.1,555.0,227.0,2.44,217.58,15:57
2020-03-17,AAPL,250.8,Call,245.0,2020-03-20,3.0,13.35,14.05,14.75,14.4,10102.0,4138.0,2.44,110.69,16:14
2020-03-17,UNFI,10.01,Call,10.0,2020-04-17,31.0,1.2,1.78,2.35,1.3,537.0,221.0,2.43,111.39,15:52
2020-03-17,TSLA,430.2,Call,425.0,2020-03-20,3.0,27.95,29.73,31.5,31.5,2220.0,913.0,2.43,186.46,16:14
2020-03-17,DRI,41.93,Put,35.0,2020-04-17,31.0,7.0,7.55,8.1,7.7,726.0,300.0,2.42,248.27,16:14
2020-03-17,TCOM,23.08,Put,20.0,2020-04-17,31.0,1.2,1.25,1.3,1.23,884.0,366.0,2.42,99.78,16:08
2020-03-17,MSFT,146.57,Call,146.0,2020-03-27,10.0,8.35,8.83,9.3,9.5,525.0,218.0,2.41,95.2,16:12
2020-03-17,TXT,28.1,Put,45.0,2020-09-18,185.0,16.85,17.93,19.0,19.36,570.0,237.0,2.41,86.45,13:44
2020-03-17,GE,7.08,Put,5.5,2020-03-27,10.0,0.22,0.23,0.23,0.23,1070.0,444.0,2.41,186.34,16:14
2020-03-17,M,6.7,Put,6.0,2020-03-20,3.0,0.2,0.28,0.36,0.25,3839.0,1591.0,2.41,230.57,16:15
2020-03-17,WORK,19.9,Call,15.0,2020-06-19,94.0,6.7,6.85,7.0,7.0,552.0,231.0,2.39,117.36,16:14
2020-03-17,SAVE,11.72,Put,10.0,2020-03-20,3.0,1.2,1.35,1.5,1.25,669.0,280.0,2.39,513.23,16:14
2020-03-17,F,5.01,Call,5.0,2020-03-20,3.0,0.28,0.29,0.29,0.29,6477.0,2705.0,2.39,157.41,16:14
2020-03-17,BA,124.14,Put,120.0,2020-03-27,10.0,14.95,16.35,17.75,16.12,557.0,234.0,2.38,226.36,16:14
2020-03-17,WYNN,54.38,Put,42.5,2020-03-20,3.0,0.05,1.78,3.5,2.36,544.0,230.0,2.37,385.7,16:13
2020-03-17,VSLR,4.31,Put,4.0,2020-03-20,3.0,0.2,0.25,0.3,0.25,549.0,232.0,2.37,257.24,16:14
2020-03-17,TSLA,430.2,Call,540.0,2020-03-27,10.0,5.1,6.55,8.0,7.7,629.0,265.0,2.37,129.74,16:14
2020-03-17,ROKU,69.46,Call,83.0,2020-03-20,3.0,0.26,0.31,0.36,0.3,1141.0,483.0,2.36,134.81,15:57
2020-03-17,HON,131.8,Put,145.0,2020-06-19,94.0,24.25,26.38,28.5,23.0,1144.0,484.0,2.36,57.17,14:00
2020-03-17,CVX,70.69,Call,85.0,2020-05-15,59.0,2.67,3.56,4.45,3.45,507.0,216.0,2.35,70.68,16:12
2020-03-17,LK,31.78,Call,34.5,2020-03-20,3.0,0.35,0.48,0.6,0.4,678.0,289.0,2.35,112.19,15:31
2020-03-17,TSLA,430.2,Put,350.0,2020-03-20,3.0,7.1,7.18,7.25,7.15,14396.0,6118.0,2.35,233.52,16:15
2020-03-17,MSFT,146.57,Put,100.0,2020-07-17,122.0,4.5,4.83,5.15,4.7,686.0,295.0,2.33,71.88,16:12
2020-03-17,ALC,47.38,Put,50.0,2020-03-20,3.0,3.9,4.4,4.9,4.9,1324.0,569.0,2.33,195.45,15:48
2020-03-17,TSLA,430.2,Call,520.0,2020-03-20,3.0,2.7,2.79,2.88,2.88,2584.0,1107.0,2.33,157.25,16:15
2020-03-17,AMZN,1807.84,Call,1950.0,2020-03-20,3.0,4.05,5.03,6.0,5.09,3146.0,1350.0,2.33,64.53,16:15
2020-03-17,TSLA,430.2,Call,475.0,2020-03-20,3.0,9.6,9.9,10.2,10.0,1776.0,765.0,2.32,162.78,16:14
2020-03-17,TSLA,430.2,Call,500.0,2020-09-18,185.0,83.25,87.83,92.4,88.0,628.0,272.0,2.31,91.6,15:53
2020-03-17,GM,20.32,Put,20.0,2020-03-27,10.0,1.61,1.69,1.77,1.65,522.0,227.0,2.3,136.26,16:14
2020-03-17,INSG,5.51,Call,10.0,2020-09-18,185.0,0.5,0.75,1.0,0.8,901.0,392.0,2.3,113.74,16:14
2020-03-17,AAPL,250.8,Call,280.0,2020-03-20,3.0,0.79,0.81,0.83,0.78,36981.0,16110.0,2.3,82.14,16:15
2020-03-17,MU,37.38,Call,41.0,2020-03-20,3.0,0.25,0.46,0.67,0.48,1283.0,563.0,2.28,121.11,16:14
2020-03-17,TSLA,430.2,Put,400.0,2020-04-03,17.0,42.65,45.43,48.2,47.4,1364.0,597.0,2.28,173.01,16:14
2020-03-17,MU,37.38,Put,30.0,2020-03-27,10.0,1.0,1.2,1.4,1.31,904.0,399.0,2.27,179.16,16:14
2020-03-17,KR,33.0,Put,27.0,2020-06-19,94.0,1.29,1.57,1.85,1.93,3053.0,1342.0,2.27,71.69,15:52
2020-03-17,DAL,31.74,Call,40.0,2020-03-27,10.0,0.78,0.9,1.02,0.85,677.0,299.0,2.26,150.9,16:13
2020-03-17,F,5.01,Call,5.5,2020-03-27,10.0,0.23,0.25,0.26,0.25,1391.0,616.0,2.26,130.85,16:14
2020-03-17,ROKU,69.46,Call,81.0,2020-03-20,3.0,0.26,0.4,0.53,0.45,748.0,333.0,2.25,134.25,16:01
2020-03-17,LYFT,18.66,Put,12.5,2020-03-20,3.0,0.22,0.3,0.37,0.29,770.0,342.0,2.25,370.83,16:12
2020-03-17,MSFT,146.57,Call,138.0,2020-03-20,3.0,9.55,10.78,12.0,11.09,525.0,234.0,2.24,113.13,16:01
2020-03-17,CLX,197.88,Put,170.0,2020-03-20,3.0,0.35,0.6,0.85,0.52,610.0,272.0,2.24,110.62,16:14
2020-03-17,AMZN,1807.84,Call,1980.0,2020-03-20,3.0,1.08,2.09,3.1,2.36,1065.0,475.0,2.24,61.89,16:13
2020-03-17,BA,124.14,Put,120.0,2020-03-20,3.0,9.6,10.3,11.0,10.0,2844.0,1271.0,2.24,271.67,16:14
2020-03-17,V,157.89,Call,170.0,2020-05-15,59.0,7.95,8.58,9.2,8.9,1028.0,461.0,2.23,53.4,16:02
2020-03-17,PLNT,35.39,Put,30.0,2020-04-17,31.0,3.8,4.05,4.3,4.3,1188.0,533.0,2.23,177.77,16:13
2020-03-17,AMD,41.88,Call,43.0,2020-04-03,17.0,2.8,3.15,3.5,3.15,613.0,276.0,2.22,100.63,16:00
2020-03-17,AAPL,250.8,Call,255.0,2020-05-15,59.0,27.4,27.75,28.1,27.62,1264.0,570.0,2.22,69.92,16:09
2020-03-17,TRIP,15.6,Put,14.0,2020-03-20,3.0,0.85,1.13,1.4,1.15,534.0,242.0,2.21,345.69,16:01
2020-03-17,MTCH,57.02,Put,50.0,2020-04-17,31.0,3.4,3.55,3.7,3.6,2173.0,985.0,2.21,105.72,16:12
2020-03-17,GOLD,17.71,Call,17.5,2020-03-20,3.0,0.74,0.9,1.06,1.0,529.0,240.0,2.2,139.85,15:41
2020-03-17,NEM,45.8,Put,42.0,2020-03-20,3.0,0.0,0.88,1.75,1.0,3235.0,1471.0,2.2,154.28,11:41
2020-03-17,FANG,20.38,Call,60.0,2020-06-19,94.0,0.0,0.33,0.65,0.27,500.0,228.0,2.19,117.2,14:42
2020-03-17,NVDA,217.27,Call,225.0,2020-03-27,10.0,12.1,12.58,13.05,12.1,564.0,257.0,2.19,107.19,16:14
2020-03-17,JBLU,9.46,Call,11.0,2020-03-20,3.0,0.05,0.15,0.25,0.15,1318.0,602.0,2.19,170.97,16:13
2020-03-17,AAPL,250.8,Call,270.0,2020-03-20,3.0,2.31,2.36,2.4,2.29,28940.0,13192.0,2.19,86.12,16:15
2020-03-17,GIS,59.67,Call,70.0,2020-04-17,31.0,0.17,0.38,0.59,0.26,610.0,280.0,2.18,38.53,16:13
2020-03-17,FDX,94.96,Put,75.0,2020-03-20,3.0,1.4,1.7,2.0,1.71,758.0,347.0,2.18,263.51,16:14
2020-03-17,CCL,12.71,Put,10.0,2020-03-27,10.0,1.2,1.23,1.25,1.21,560.0,258.0,2.17,314.26,16:12
2020-03-17,CTL,10.86,Call,11.0,2020-03-20,3.0,0.08,0.31,0.53,0.41,971.0,447.0,2.17,120.52,16:05
2020-03-17,AMD,41.88,Call,43.0,2020-03-20,3.0,1.58,1.66,1.73,1.61,9665.0,4447.0,2.17,138.27,16:14
2020-03-17,LYFT,18.66,Call,25.0,2020-04-17,31.0,1.02,1.21,1.39,1.21,843.0,390.0,2.16,139.78,16:05
2020-03-17,CCL,12.71,Call,15.0,2020-03-20,3.0,0.35,0.4,0.45,0.4,1486.0,688.0,2.16,243.92,16:14
2020-03-17,ET,5.25,Put,6.0,2020-05-15,59.0,1.65,1.73,1.82,1.7,808.0,376.0,2.15,146.36,15:41
2020-03-17,NEM,45.8,Put,50.0,2020-09-18,185.0,8.9,9.73,10.55,10.5,927.0,431.0,2.15,62.73,12:55
2020-03-17,SNAP,8.91,Call,10.0,2020-03-20,3.0,0.15,0.16,0.16,0.15,9057.0,4230.0,2.14,153.53,16:14
2020-03-17,MSFT,146.57,Call,147.0,2020-03-27,10.0,7.65,8.23,8.8,8.45,563.0,264.0,2.13,89.2,16:14
2020-03-17,MS,33.79,Put,34.0,2020-04-17,31.0,2.88,4.94,7.0,3.89,620.0,291.0,2.13,96.9,15:10
2020-03-17,CNX,9.0,Call,9.0,2020-04-17,31.0,1.07,1.48,1.89,1.28,712.0,336.0,2.12,122.56,16:01
2020-03-17,TDOC,118.24,Call,125.0,2020-03-20,3.0,3.4,3.6,3.8,3.5,2118.0,999.0,2.12,143.54,16:14
2020-03-17,XOM,36.81,Call,42.5,2020-06-19,94.0,2.07,2.16,2.25,2.0,2725.0,1285.0,2.12,52.69,16:04
2020-03-17,TWTR,24.48,Call,26.0,2020-03-20,3.0,0.47,0.53,0.59,0.55,5780.0,2727.0,2.12,126.45,16:14
2020-03-17,AMZN,1807.84,Call,1900.0,2020-03-20,3.0,11.9,13.45,15.0,13.07,6265.0,2971.0,2.11,66.85,16:14
2020-03-17,BABA,184.81,Put,185.0,2021-06-18,458.0,29.25,30.2,31.15,29.98,1134.0,540.0,2.1,38.63,12:07
2020-03-17,TSLA,430.2,Put,250.0,2020-04-03,17.0,11.7,12.1,12.5,12.4,596.0,285.0,2.09,238.74,16:15
2020-03-17,CGC,10.37,Call,11.0,2020-03-20,3.0,0.25,0.45,0.65,0.5,606.0,290.0,2.09,200.65,15:48
2020-03-17,BA,124.14,Call,165.0,2020-03-20,3.0,1.0,1.25,1.5,1.2,1098.0,526.0,2.09,231.01,16:13
2020-03-17,UBER,18.91,Put,19.0,2020-03-27,10.0,2.2,2.25,2.3,2.26,1552.0,741.0,2.09,177.9,16:14
2020-03-17,RCL,27.66,Put,25.0,2020-03-27,10.0,3.0,3.58,4.15,3.95,601.0,289.0,2.08,301.12,16:11
2020-03-17,BAC,21.98,Put,19.0,2020-03-27,10.0,0.7,0.85,0.99,0.99,1112.0,535.0,2.08,160.67,16:14
2020-03-17,GE,7.08,Call,8.0,2020-03-27,10.0,0.25,0.28,0.3,0.25,2161.0,1040.0,2.08,124.64,16:14
2020-03-17,TWTR,24.48,Put,42.0,2020-03-20,3.0,17.3,17.5,17.7,17.4,3004.0,1442.0,2.08,0.0,15:18
2020-03-17,SNAP,8.91,Call,9.0,2020-03-27,10.0,0.71,0.75,0.78,0.7,511.0,247.0,2.07,125.77,16:14
2020-03-17,LVS,40.86,Put,39.0,2020-03-20,3.0,2.16,2.46,2.75,2.55,558.0,270.0,2.07,236.01,16:14
2020-03-17,SBUX,58.98,Put,62.0,2020-03-20,3.0,4.0,4.9,5.8,5.1,1018.0,491.0,2.07,154.8,15:06
2020-03-17,AMD,41.88,Put,34.0,2020-03-27,10.0,0.87,0.95,1.02,1.11,581.0,282.0,2.06,153.92,16:14
2020-03-17,MCD,147.62,Call,175.0,2020-03-20,3.0,0.18,0.24,0.3,0.24,605.0,294.0,2.06,106.18,16:10
2020-03-17,AAPL,250.8,Call,250.0,2020-04-03,17.0,19.9,20.38,20.85,20.75,809.0,393.0,2.06,88.8,16:14
2020-03-17,BABA,184.81,Call,187.5,2020-03-20,3.0,3.55,3.82,4.1,3.84,1349.0,656.0,2.06,75.22,16:14
2020-03-17,AMZN,1807.84,Put,1600.0,2020-03-27,10.0,24.55,26.28,28.0,30.0,626.0,306.0,2.05,91.01,16:13
2020-03-17,FB,149.42,Put,125.0,2020-04-17,31.0,3.9,4.98,6.05,4.5,1152.0,562.0,2.05,84.07,16:14
2020-03-17,NIO,2.9,Call,2.5,2020-03-20,3.0,0.46,0.54,0.61,0.56,1934.0,942.0,2.05,330.5,16:14
2020-03-17,RDFN,13.69,Put,15.0,2020-03-20,3.0,1.55,1.92,2.3,2.08,2123.0,1035.0,2.05,256.06,16:02
2020-03-17,PTON,25.45,Call,25.0,2020-03-27,10.0,2.7,3.05,3.4,2.82,534.0,262.0,2.04,155.53,16:14
2020-03-17,MSFT,146.57,Call,148.0,2020-03-20,3.0,4.7,4.98,5.25,5.25,1334.0,653.0,2.04,111.38,16:14
2020-03-17,AMD,41.88,Call,46.5,2020-03-20,3.0,0.36,0.44,0.52,0.49,1503.0,737.0,2.04,125.8,16:14
2020-03-17,TSLA,430.2,Put,415.0,2020-03-20,3.0,21.2,23.0,24.8,22.7,2846.0,1396.0,2.04,194.61,16:14
2020-03-17,SBUX,58.98,Call,60.0,2020-03-20,3.0,1.11,1.98,2.84,1.99,741.0,365.0,2.03,114.53,16:13
2020-03-17,AAL,15.5,Put,16.0,2020-03-20,3.0,1.7,1.73,1.77,1.75,4024.0,1984.0,2.03,268.96,16:14
2020-03-17,TSLA,430.2,Call,550.0,2020-03-20,3.0,1.27,1.29,1.3,1.29,5433.0,2672.0,2.03,159.51,16:14
2020-03-17,SNAP,8.91,Put,9.0,2020-03-20,3.0,0.53,0.57,0.61,0.65,6262.0,3090.0,2.03,186.9,16:13
2020-03-17,PFE,32.16,Call,31.5,2020-03-20,3.0,1.0,1.25,1.5,1.3,598.0,296.0,2.02,80.89,16:14
2020-03-17,MCD,147.62,Put,140.0,2020-03-27,10.0,4.0,6.18,8.35,6.6,668.0,331.0,2.02,105.16,16:12
2020-03-17,SQ,44.73,Call,44.0,2020-03-20,3.0,3.15,3.25,3.35,3.2,845.0,419.0,2.02,175.78,16:13
2020-03-17,TSLA,430.2,Put,425.0,2020-03-20,3.0,25.95,26.6,27.25,26.8,3040.0,1505.0,2.02,190.02,16:14
2020-03-17,DAL,31.74,Call,36.0,2020-06-19,94.0,5.0,5.75,6.5,6.0,1071.0,534.0,2.01,117.21,16:14
2020-03-17,AMZN,1807.84,Call,1990.0,2020-03-20,3.0,1.85,2.23,2.6,2.34,1353.0,672.0,2.01,64.46,16:13
2020-03-17,AMD,41.88,Call,41.0,2020-03-27,10.0,3.7,3.85,4.0,3.8,2274.0,1129.0,2.01,121.99,16:15
2020-03-17,TSLA,430.2,Call,495.0,2020-03-20,3.0,5.35,5.68,6.0,5.35,687.0,343.0,2.0,154.33,16:15
2020-03-17,NXPI,80.08,Call,130.0,2020-04-09,23.0,0.0,0.16,0.32,0.41,800.0,400.0,2.0,108.1,14:52
2020-03-17,AGN,171.84,Put,135.0,2020-04-17,31.0,1.74,4.12,6.5,4.0,1000.0,500.0,2.0,91.67,10:24
2020-03-17,TWTR,24.48,Call,28.0,2020-03-27,10.0,0.41,0.46,0.51,0.38,2282.0,1142.0,2.0,89.0,16:07
2020-03-17,FB,149.42,Put,155.0,2020-04-17,31.0,14.5,14.85,15.2,14.95,2792.0,1398.0,2.0,68.29,16:12
2020-03-17,BAC,21.98,Call,23.0,2020-04-17,31.0,1.93,2.0,2.06,1.89,4049.0,2024.0,2.0,90.34,16:13
2020-03-17,CSCO,35.02,Call,36.0,2020-03-20,3.0,0.5,0.77,1.03,0.95,532.0,267.0,1.99,107.78,16:12
2020-03-17,PENN,7.33,Put,8.0,2020-03-20,3.0,1.7,1.83,1.95,2.0,657.0,330.0,1.99,600.7,16:11
2020-03-17,DIS,93.3,Call,96.0,2020-03-20,3.0,2.49,2.75,3.0,3.0,744.0,374.0,1.99,120.08,16:15
2020-03-17,WORK,19.9,Call,21.0,2020-03-20,3.0,0.7,0.75,0.8,0.8,1735.0,873.0,1.99,172.52,16:13
2020-03-17,CCL,12.71,Call,30.0,2022-01-21,675.0,3.0,3.4,3.8,3.45,2550.0,1280.0,1.99,94.55,16:07
2020-03-17,NCLH,10.03,Call,12.5,2020-04-17,31.0,1.7,1.85,2.0,1.85,573.0,289.0,1.98,227.69,15:46
2020-03-17,CAKE,19.02,Put,12.5,2020-04-17,31.0,1.65,1.75,1.85,1.75,792.0,400.0,1.98,235.89,16:13
2020-03-17,AAPL,250.8,Put,230.0,2020-03-27,10.0,7.8,8.1,8.4,8.09,2955.0,1493.0,1.98,108.05,16:14
2020-03-17,TRIP,15.6,Put,13.0,2020-03-20,3.0,0.6,0.9,1.2,0.85,527.0,268.0,1.97,364.21,16:07
2020-03-17,AMD,41.88,Call,41.0,2020-03-20,3.0,2.4,2.61,2.81,2.75,5348.0,2733.0,1.96,152.25,16:14
2020-03-17,TTM,5.31,Put,4.0,2020-04-03,17.0,0.15,0.28,0.4,0.3,781.0,401.0,1.95,199.65,15:14
2020-03-17,AMZN,1807.84,Call,1830.0,2020-03-20,3.0,37.95,40.95,43.95,42.4,1047.0,538.0,1.95,80.03,16:14
2020-03-17,AMZN,1807.84,Call,1870.0,2020-03-20,3.0,20.3,23.15,26.0,23.0,1368.0,702.0,1.95,71.74,16:14
2020-03-17,XOM,36.81,Call,45.0,2020-09-18,185.0,1.95,2.14,2.32,2.22,2161.0,1108.0,1.95,45.67,16:13
2020-03-17,UBER,18.91,Put,15.0,2020-06-19,94.0,2.38,2.49,2.59,2.5,4340.0,2230.0,1.95,124.75,16:04
2020-03-17,VOD,13.04,Call,14.0,2020-03-20,3.0,0.18,0.25,0.31,0.2,575.0,296.0,1.94,110.23,12:37
2020-03-17,FB,149.42,Call,175.0,2020-09-18,185.0,10.25,10.9,11.55,10.59,652.0,336.0,1.94,44.98,15:38
2020-03-17,BAC,21.98,Call,18.0,2021-06-18,458.0,6.05,6.75,7.45,6.0,730.0,378.0,1.93,39.33,10:54
2020-03-17,JPM,93.76,Call,101.0,2020-03-20,3.0,0.55,1.26,1.96,1.11,732.0,380.0,1.93,103.37,16:13
2020-03-17,ED,93.88,Call,90.0,2020-03-20,3.0,5.1,6.8,8.5,4.8,539.0,281.0,1.92,71.09,14:54
2020-03-17,CFR,63.42,Put,55.0,2020-04-17,31.0,5.6,6.2,6.8,7.1,1153.0,602.0,1.92,158.88,16:02
2020-03-17,LVS,40.86,Put,35.0,2020-03-27,10.0,2.75,2.8,2.85,2.95,1479.0,771.0,1.92,216.61,16:13
2020-03-17,AAPL,250.8,Call,285.0,2020-03-27,10.0,2.47,2.58,2.69,2.57,3197.0,1666.0,1.92,71.15,16:14
2020-03-17,BA,124.14,Put,110.0,2020-03-20,3.0,6.0,6.48,6.95,6.46,4121.0,2150.0,1.92,290.72,16:14
2020-03-17,T,33.74,Call,34.5,2020-03-27,10.0,0.99,1.25,1.5,0.98,523.0,274.0,1.91,58.63,15:37
2020-03-17,M,6.7,Put,6.5,2020-03-27,10.0,0.65,0.73,0.8,0.7,589.0,309.0,1.91,183.65,16:14
2020-03-17,MU,37.38,Call,39.0,2020-03-27,10.0,2.18,2.47,2.75,2.53,544.0,286.0,1.9,129.97,15:49
2020-03-17,AMD,41.88,Call,41.5,2020-03-20,3.0,2.13,2.47,2.8,2.25,3073.0,1621.0,1.9,136.15,16:14
2020-03-17,INST,48.78,Call,50.0,2020-08-21,157.0,0.2,0.25,0.3,0.25,3114.0,1637.0,1.9,4.54,15:51
2020-03-17,GPRO,2.27,Put,2.0,2020-03-27,10.0,0.36,0.37,0.38,0.37,551.0,292.0,1.89,360.37,16:13
2020-03-17,GIS,59.67,Call,65.0,2020-04-17,31.0,1.18,1.27,1.36,1.19,951.0,502.0,1.89,43.39,16:12
2020-03-17,F,5.01,Call,6.0,2020-03-27,10.0,0.09,0.11,0.12,0.1,1596.0,845.0,1.89,116.69,16:11
2020-03-17,DAL,31.74,Put,20.0,2020-03-27,10.0,0.9,1.0,1.1,1.06,567.0,301.0,1.88,289.87,16:14
2020-03-17,XOM,36.81,Put,30.0,2020-03-27,10.0,0.45,0.56,0.66,0.5,1115.0,593.0,1.88,118.77,16:13
2020-03-17,BAC,21.98,Call,21.0,2020-03-27,10.0,2.28,2.63,2.98,2.24,1320.0,704.0,1.88,120.09,16:13
2020-03-17,BAC,21.98,Put,21.0,2020-03-20,3.0,0.77,0.85,0.93,0.93,14388.0,7660.0,1.88,175.88,16:14
2020-03-17,UBER,18.91,Call,26.0,2020-06-19,94.0,1.5,1.68,1.85,1.76,661.0,354.0,1.87,98.87,16:06
2020-03-17,EXPE,54.12,Put,50.0,2020-06-19,94.0,11.5,12.05,12.6,11.97,806.0,430.0,1.87,135.88,14:39
2020-03-17,BAC,21.98,Put,18.0,2020-03-27,10.0,0.59,0.75,0.9,0.78,885.0,474.0,1.87,169.99,16:13
2020-03-17,C,40.25,Call,43.0,2020-03-20,3.0,0.8,1.26,1.72,0.9,565.0,303.0,1.86,131.44,15:56
2020-03-17,VTR,21.02,Call,30.0,2020-04-17,31.0,0.2,1.8,3.4,0.75,586.0,315.0,1.86,122.58,16:13
2020-03-17,AAPL,250.8,Put,200.0,2020-04-03,17.0,4.75,5.05,5.35,5.15,1937.0,1041.0,1.86,115.39,16:15
2020-03-17,PLAY,6.53,Put,2.5,2020-03-20,3.0,0.1,0.15,0.2,0.1,547.0,295.0,1.85,0.0,16:09
2020-03-17,SFIX,13.58,Call,13.0,2020-03-20,3.0,0.6,0.9,1.2,1.18,592.0,320.0,1.85,178.72,15:26
2020-03-17,FIT,6.23,Put,6.0,2020-04-09,23.0,0.25,0.28,0.31,0.25,669.0,361.0,1.85,58.17,16:13
2020-03-17,SNAP,8.91,Call,10.0,2020-03-27,10.0,0.32,0.35,0.38,0.36,862.0,467.0,1.85,126.36,16:07
2020-03-17,GDS,52.1,Call,50.0,2020-04-17,31.0,3.3,5.9,8.5,5.7,1001.0,540.0,1.85,76.6,15:55
2020-03-17,MSFT,146.57,Call,140.0,2020-03-20,3.0,8.9,9.73,10.55,10.21,3354.0,1815.0,1.85,123.28,16:15
2020-03-17,TSLA,430.2,Call,475.0,2020-04-17,31.0,46.0,48.88,51.75,50.94,586.0,319.0,1.84,135.77,16:12
2020-03-17,SBUX,58.98,Put,40.0,2020-04-17,31.0,1.48,1.53,1.58,1.55,702.0,382.0,1.84,133.51,16:12
2020-03-17,AMD,41.88,Call,40.5,2020-03-20,3.0,2.7,3.0,3.3,3.04,2401.0,1302.0,1.84,153.24,16:14
2020-03-17,ZM,111.26,Call,115.0,2020-03-20,3.0,3.3,3.55,3.8,3.3,4169.0,2266.0,1.84,122.5,16:15
2020-03-17,CCL,12.71,Put,12.0,2020-03-20,3.0,1.0,1.1,1.2,1.1,4245.0,2302.0,1.84,320.7,16:14
2020-03-17,BA,124.14,Call,100.0,2022-01-21,675.0,60.9,62.95,65.0,60.7,563.0,308.0,1.83,81.12,16:08
2020-03-17,AMZN,1807.84,Put,1790.0,2020-03-20,3.0,41.85,44.63,47.4,46.5,748.0,409.0,1.83,84.67,16:14
2020-03-17,UBER,18.91,Call,18.0,2021-01-15,304.0,5.85,6.07,6.3,6.3,1516.0,829.0,1.83,88.05,16:10
2020-03-17,FB,149.42,Call,157.5,2020-03-20,3.0,1.31,1.66,2.0,1.8,1732.0,945.0,1.83,86.35,16:14
2020-03-17,WFC,29.63,Call,30.0,2020-03-20,3.0,0.98,1.21,1.45,1.0,1948.0,1062.0,1.83,108.94,16:13
2020-03-17,JPM,93.76,Call,92.0,2020-03-20,3.0,4.3,5.18,6.05,4.6,658.0,361.0,1.82,108.61,16:13
2020-03-17,PLUG,3.28,Call,3.5,2020-03-27,10.0,0.14,0.19,0.24,0.2,711.0,390.0,1.82,132.84,16:12
2020-03-17,SPCE,12.66,Call,12.0,2020-03-20,3.0,1.35,1.43,1.5,1.4,593.0,328.0,1.81,232.76,16:14
2020-03-17,TSLA,430.2,Put,100.0,2020-04-09,23.0,2.08,2.16,2.24,2.1,903.0,499.0,1.81,318.93,16:07
2020-03-17,TSLA,430.2,Put,100.0,2020-04-03,17.0,1.7,1.76,1.82,1.8,909.0,501.0,1.81,360.89,16:14
2020-03-17,BHP,34.87,Call,45.0,2020-08-21,157.0,2.16,2.63,3.1,2.29,2500.0,1381.0,1.81,57.99,12:13
2020-03-17,AMZN,1807.84,Call,1850.0,2020-03-20,3.0,28.45,31.45,34.45,28.0,4065.0,2240.0,1.81,69.48,16:14
2020-03-17,MSFT,146.57,Call,155.0,2020-03-27,10.0,4.3,4.55,4.8,4.47,1328.0,739.0,1.8,80.1,16:15
2020-03-17,XOM,36.81,Call,40.0,2020-09-18,185.0,3.5,3.8,4.1,3.81,1575.0,873.0,1.8,47.52,16:11
2020-03-17,AAPL,250.8,Put,240.0,2020-03-20,3.0,4.95,5.03,5.1,5.0,24051.0,13330.0,1.8,114.22,16:14
2020-03-17,TLRY,2.9,Call,4.0,2020-03-20,3.0,0.07,0.11,0.15,0.1,703.0,392.0,1.79,367.3,15:49
2020-03-17,AAPL,250.8,Call,290.0,2020-03-27,10.0,1.4,1.61,1.81,1.69,4847.0,2701.0,1.79,68.34,16:14
2020-03-17,BA,124.14,Call,200.0,2020-04-17,31.0,3.95,4.33,4.7,4.3,1127.0,637.0,1.77,145.27,16:12
2020-03-17,TSLA,430.2,Put,200.0,2020-04-03,17.0,6.55,6.88,7.2,6.85,1250.0,705.0,1.77,265.44,16:14
2020-03-17,AMD,41.88,Call,60.0,2020-04-24,38.0,0.0,0.88,1.75,0.7,1298.0,732.0,1.77,88.02,11:58
2020-03-17,CLF,4.12,Call,4.5,2020-03-20,3.0,0.16,0.18,0.19,0.17,3919.0,2217.0,1.77,209.03,16:11
2020-03-17,MSFT,146.57,Call,150.0,2020-03-20,3.0,4.0,4.08,4.15,4.01,13278.0,7486.0,1.77,103.54,16:14
2020-03-17,M,6.7,Put,3.0,2020-04-17,31.0,0.2,0.24,0.27,0.26,712.0,404.0,1.76,267.26,16:13
2020-03-17,PYPL,97.87,Call,101.0,2020-03-20,3.0,1.37,1.59,1.8,1.75,811.0,461.0,1.76,85.09,16:13
2020-03-17,AMZN,1807.84,Put,1800.0,2020-03-20,3.0,45.6,48.43,51.25,52.1,2445.0,1393.0,1.76,85.93,16:14
2020-03-17,UBER,18.91,Call,30.0,2020-09-18,185.0,1.51,1.58,1.64,1.58,3031.0,1724.0,1.76,79.76,16:01
2020-03-17,AAPL,250.8,Call,240.0,2020-03-27,10.0,22.7,23.17,23.65,24.0,532.0,304.0,1.75,102.94,16:11
2020-03-17,BHVN,30.5,Call,40.0,2020-04-17,31.0,1.1,1.55,2.0,1.65,716.0,409.0,1.75,124.09,16:08
2020-03-17,JBLU,9.46,Put,9.0,2020-03-20,3.0,0.45,0.48,0.5,0.45,1535.0,878.0,1.75,203.07,16:14
2020-03-17,UBER,18.91,Call,25.0,2021-01-15,304.0,3.4,3.55,3.7,3.6,7914.0,4519.0,1.75,78.5,16:11
2020-03-17,PINS,12.65,Call,14.0,2020-04-17,31.0,0.85,1.03,1.2,0.9,603.0,346.0,1.74,95.45,16:11
2020-03-17,ALL,87.94,Put,80.0,2020-03-20,3.0,1.05,1.73,2.41,1.02,700.0,402.0,1.74,122.62,14:45
2020-03-17,UAL,30.67,Call,35.0,2020-03-20,3.0,1.02,1.13,1.24,1.2,878.0,506.0,1.74,241.43,16:14
2020-03-17,SQ,44.73,Call,45.0,2020-03-20,3.0,2.54,2.68,2.81,2.8,1670.0,962.0,1.74,180.82,16:14
2020-03-17,MS,33.79,Call,37.0,2020-03-20,3.0,0.12,0.3,0.48,0.25,632.0,366.0,1.73,97.78,16:10
2020-03-17,AMZN,1807.84,Put,1550.0,2020-03-20,3.0,5.4,5.45,5.5,5.6,1159.0,669.0,1.73,116.07,16:14
2020-03-17,TSLA,430.2,Put,370.0,2020-03-20,3.0,9.85,10.38,10.9,10.55,2182.0,1262.0,1.73,222.38,16:14
2020-03-17,AMZN,1807.84,Put,1500.0,2020-03-20,3.0,3.5,3.65,3.8,3.55,3377.0,1956.0,1.73,122.92,16:14
2020-03-17,SNAP,8.91,Put,8.0,2020-03-20,3.0,0.22,0.23,0.24,0.25,4514.0,2607.0,1.73,196.15,16:14
2020-03-17,AMD,41.88,Call,42.0,2020-03-20,3.0,1.86,2.02,2.18,2.15,7355.0,4240.0,1.73,145.59,16:14
2020-03-17,SPCE,12.66,Call,15.0,2020-03-27,10.0,0.85,0.9,0.95,0.9,532.0,309.0,1.72,202.46,16:14
2020-03-17,SQ,44.73,Call,50.0,2020-06-19,94.0,5.75,5.93,6.1,5.51,1037.0,603.0,1.72,82.11,16:10
2020-03-17,C,40.25,Put,35.0,2020-03-20,3.0,0.0,0.76,1.51,0.94,1228.0,712.0,1.72,208.08,16:13
2020-03-17,BTG,3.46,Call,7.5,2020-10-16,213.0,0.3,0.4,0.5,0.37,1601.0,933.0,1.72,107.05,15:25
2020-03-17,UBER,18.91,Call,19.0,2020-03-20,3.0,1.23,1.32,1.4,1.26,2414.0,1406.0,1.72,190.38,16:14
2020-03-17,AAPL,250.8,Call,260.0,2020-03-20,3.0,5.5,5.65,5.8,5.5,34154.0,19805.0,1.72,92.65,16:15
2020-03-17,AAPL,250.8,Put,170.0,2020-03-27,10.0,1.23,1.37,1.5,1.25,588.0,343.0,1.71,151.65,16:12
2020-03-17,JPM,93.76,Call,96.0,2020-03-20,3.0,1.2,2.65,4.1,2.93,1009.0,591.0,1.71,115.02,16:14
2020-03-17,FB,149.42,Put,75.0,2020-06-19,94.0,1.18,1.29,1.4,1.35,500.0,294.0,1.7,90.21,15:26
2020-03-17,C,40.25,Call,47.0,2020-03-20,3.0,0.12,0.24,0.35,0.23,937.0,552.0,1.7,130.61,15:36
2020-03-17,XOM,36.81,Call,38.0,2020-03-20,3.0,0.54,0.69,0.84,0.7,1287.0,759.0,1.7,88.8,16:14
2020-03-17,AMZN,1807.84,Call,1760.0,2020-03-20,3.0,81.0,84.0,87.0,85.93,629.0,372.0,1.69,91.16,16:14
2020-03-17,AAL,15.5,Call,20.0,2020-03-27,10.0,0.61,0.77,0.92,0.71,1771.0,1048.0,1.69,194.62,16:09
2020-03-17,GOOG,1119.8,Call,1200.0,2020-03-20,3.0,4.8,5.25,5.7,5.0,1807.0,1068.0,1.69,69.27,16:14
2020-03-17,TOT,27.63,Call,37.5,2020-08-21,157.0,0.1,0.88,1.65,1.0,2503.0,1479.0,1.69,49.6,15:59
2020-03-17,ROK,155.16,Put,125.0,2020-04-17,31.0,3.9,5.1,6.3,6.0,666.0,396.0,1.68,105.53,15:55
2020-03-17,NFLX,319.75,Call,315.0,2020-03-20,3.0,14.65,15.68,16.7,16.1,1566.0,933.0,1.68,118.32,16:14
2020-03-17,MSFT,146.57,Call,146.0,2020-03-20,3.0,5.75,6.13,6.5,6.3,2003.0,1192.0,1.68,113.51,16:14
2020-03-17,MSFT,146.57,Call,145.0,2020-03-20,3.0,6.5,6.8,7.1,6.8,5905.0,3520.0,1.68,113.35,16:15
2020-03-17,DAL,31.74,Put,29.0,2020-03-20,3.0,1.3,1.45,1.6,1.49,555.0,332.0,1.67,240.8,16:14
2020-03-17,AAPL,250.8,Put,245.0,2020-03-20,3.0,6.25,6.4,6.55,6.4,16044.0,9587.0,1.67,109.43,16:15
2020-03-17,RCL,27.66,Call,33.0,2020-03-20,3.0,0.65,0.93,1.2,1.01,521.0,314.0,1.66,269.3,16:13
2020-03-17,AAPL,250.8,Call,250.0,2020-04-09,23.0,22.05,22.53,23.0,23.0,737.0,445.0,1.66,85.22,16:14
2020-03-17,XOM,36.81,Put,33.0,2020-03-20,3.0,0.3,0.35,0.4,0.35,808.0,488.0,1.66,124.86,16:09
2020-03-17,ROKU,69.46,Put,65.0,2020-04-17,31.0,7.0,7.13,7.25,7.1,566.0,344.0,1.65,118.36,16:14
2020-03-17,TLRY,2.9,Put,2.5,2020-03-27,10.0,0.35,0.38,0.41,0.36,967.0,586.0,1.65,304.9,15:04
2020-03-17,MCD,147.62,Put,140.0,2020-03-20,3.0,2.82,3.64,4.45,3.55,1158.0,701.0,1.65,128.65,16:14
2020-03-17,BAC,21.98,Put,19.0,2020-03-20,3.0,0.3,0.36,0.41,0.4,9605.0,5827.0,1.65,192.19,16:14
2020-03-17,AAPL,250.8,Put,250.0,2020-03-20,3.0,8.0,8.15,8.3,8.2,25435.0,15420.0,1.65,105.37,16:15
2020-03-17,SQ,44.73,Call,50.0,2020-03-27,10.0,1.91,1.98,2.05,1.95,1037.0,633.0,1.64,129.74,16:14
2020-03-17,AAL,15.5,Call,21.0,2020-04-17,31.0,1.24,1.52,1.79,1.57,1395.0,853.0,1.64,174.89,16:11
2020-03-17,NVDA,217.27,Call,225.0,2020-03-20,3.0,6.5,6.88,7.25,6.95,2014.0,1226.0,1.64,129.49,16:14
2020-03-17,AMD,41.88,Put,41.5,2020-03-20,3.0,2.0,2.09,2.17,2.15,2697.0,1644.0,1.64,155.18,16:14
2020-03-17,C,40.25,Call,41.0,2020-03-20,3.0,0.22,1.16,2.1,1.85,572.0,352.0,1.63,150.04,16:14
2020-03-17,GPRO,2.27,Put,2.0,2020-03-20,3.0,0.25,0.26,0.26,0.25,956.0,586.0,1.63,491.42,16:14
2020-03-17,CCL,12.71,Put,10.0,2020-03-20,3.0,0.55,0.58,0.6,0.55,1653.0,1013.0,1.63,378.84,16:13
2020-03-17,GILD,74.52,Call,77.0,2020-03-20,3.0,1.22,1.33,1.44,1.32,1829.0,1119.0,1.63,85.85,16:12
2020-03-17,DAL,31.74,Call,36.0,2020-03-20,3.0,0.55,0.65,0.75,0.68,1872.0,1150.0,1.63,178.21,16:12
2020-03-17,BAC,21.98,Call,22.5,2020-03-20,3.0,0.75,0.83,0.9,0.73,8218.0,5032.0,1.63,120.26,16:14
2020-03-17,GNPX,3.35,Call,5.0,2020-04-17,31.0,0.5,0.53,0.55,0.5,762.0,471.0,1.62,244.85,16:15
2020-03-17,AMD,41.88,Put,39.0,2020-03-27,10.0,1.95,2.19,2.43,2.25,1946.0,1199.0,1.62,131.79,16:13
2020-03-17,AAPL,250.8,Put,245.0,2020-03-27,10.0,12.1,12.3,12.5,12.5,2228.0,1375.0,1.62,98.53,16:15
2020-03-17,INTC,50.08,Put,40.0,2020-03-27,10.0,0.0,0.41,0.82,0.7,503.0,313.0,1.61,128.17,16:10
2020-03-17,AMZN,1807.84,Call,1905.0,2020-03-20,3.0,9.9,12.25,14.6,12.0,544.0,338.0,1.61,66.61,16:14
2020-03-17,UAL,30.67,Call,37.0,2020-03-20,3.0,0.01,0.39,0.77,0.72,639.0,398.0,1.61,231.98,16:12
2020-03-17,XOM,36.81,Call,37.0,2020-03-20,3.0,1.06,1.16,1.25,1.22,1356.0,844.0,1.61,98.25,16:14
2020-03-17,SBUX,58.98,Put,55.0,2020-03-20,3.0,1.3,1.94,2.57,1.44,1427.0,889.0,1.61,146.93,16:13
2020-03-17,ROKU,69.46,Put,70.0,2020-03-20,3.0,4.1,4.38,4.65,4.65,1703.0,1056.0,1.61,173.85,16:14
2020-03-17,UBER,18.91,Put,18.0,2020-03-20,3.0,0.89,0.95,1.01,1.0,6628.0,4127.0,1.61,211.51,16:14
2020-03-17,HABT,13.82,Put,13.0,2020-04-17,31.0,0.1,0.15,0.2,0.2,655.0,409.0,1.6,33.58,16:14
2020-03-17,UBER,18.91,Put,17.0,2020-04-17,31.0,2.2,2.29,2.38,2.37,848.0,529.0,1.6,156.98,16:14
2020-03-17,DIS,93.3,Call,90.0,2020-04-17,31.0,11.0,11.53,12.05,10.95,871.0,545.0,1.6,84.8,15:55
2020-03-17,JPM,93.76,Call,95.0,2020-03-20,3.0,3.25,3.88,4.5,3.6,3223.0,2016.0,1.6,122.7,16:14
2020-03-17,SHOP,355.09,Call,400.0,2020-03-20,3.0,4.2,4.75,5.3,4.65,555.0,350.0,1.59,141.94,16:14
2020-03-17,MO,39.85,Call,50.0,2020-04-17,31.0,0.02,0.08,0.13,0.1,591.0,371.0,1.59,44.88,15:58
2020-03-17,MGM,9.55,Put,7.0,2020-03-20,3.0,0.0,0.2,0.39,0.39,702.0,442.0,1.59,434.34,16:14
2020-03-17,Z,27.85,Put,20.0,2020-04-17,31.0,2.65,2.88,3.1,2.8,795.0,499.0,1.59,220.97,16:13
2020-03-17,MSFT,146.57,Call,145.0,2020-03-27,10.0,7.25,8.63,10.0,8.97,1107.0,695.0,1.59,84.57,16:13
2020-03-17,WYNN,54.38,Put,50.0,2020-03-20,3.0,4.0,4.28,4.55,4.2,1775.0,1116.0,1.59,326.97,16:13
2020-03-17,AAPL,250.8,Call,260.0,2020-03-27,10.0,11.4,11.73,12.05,11.3,2592.0,1633.0,1.59,85.98,16:14
2020-03-17,AAPL,250.8,Call,390.0,2021-06-18,458.0,6.55,7.05,7.55,6.81,811.0,513.0,1.58,31.98,11:00
2020-03-17,BYND,60.12,Put,55.0,2020-03-20,3.0,0.98,1.21,1.45,1.35,973.0,614.0,1.58,161.54,16:13
2020-03-17,GE,7.08,Put,20.0,2022-01-21,675.0,12.9,13.23,13.55,13.05,1200.0,760.0,1.58,67.35,16:13
2020-03-17,SQ,44.73,Call,77.5,2021-01-15,304.0,2.36,2.55,2.74,2.3,531.0,338.0,1.57,56.82,15:37
2020-03-17,AAL,15.5,Call,17.0,2020-03-27,10.0,1.46,2.23,3.0,1.65,554.0,353.0,1.57,213.92,16:13
2020-03-17,AAPL,250.8,Put,190.0,2020-03-27,10.0,2.23,2.39,2.54,2.32,1045.0,664.0,1.57,135.15,16:14
2020-03-17,C,40.25,Call,45.0,2020-03-20,3.0,0.5,0.59,0.68,0.55,1682.0,1068.0,1.57,138.66,16:07
2020-03-17,TSLA,430.2,Put,100.0,2020-03-27,10.0,0.65,0.73,0.81,0.73,2694.0,1719.0,1.57,408.01,16:12
2020-03-17,UAL,30.67,Put,20.0,2020-03-20,3.0,0.5,0.58,0.66,0.59,865.0,555.0,1.56,415.56,16:14
2020-03-17,TSLA,430.2,Put,395.0,2020-03-20,3.0,15.35,16.68,18.0,16.45,1449.0,929.0,1.56,207.71,16:14
2020-03-17,BA,124.14,Call,180.0,2020-03-20,3.0,0.4,0.5,0.6,0.54,1873.0,1199.0,1.56,236.58,16:12
2020-03-17,TDOC,118.24,Call,135.0,2020-03-20,3.0,1.2,1.45,1.7,1.5,1983.0,1274.0,1.56,149.94,16:13
2020-03-17,NFLX,319.75,Call,325.0,2020-03-20,3.0,9.1,10.02,10.95,9.98,2147.0,1374.0,1.56,106.51,16:12
2020-03-17,GE,7.08,Call,8.0,2020-04-17,31.0,0.51,0.54,0.57,0.52,4181.0,2677.0,1.56,106.07,16:14
2020-03-17,UBER,18.91,Put,15.0,2020-04-03,17.0,1.2,1.28,1.36,1.26,559.0,361.0,1.55,193.65,16:05
2020-03-17,CCL,12.71,Put,12.0,2020-03-27,10.0,1.7,1.83,1.95,1.85,634.0,409.0,1.55,270.64,16:14
2020-03-17,AMZN,1807.84,Call,1960.0,2020-03-20,3.0,2.0,3.38,4.75,4.22,758.0,490.0,1.55,64.51,16:14
2020-03-17,FB,149.42,Call,170.0,2020-03-27,10.0,0.8,0.98,1.15,1.0,639.0,416.0,1.54,65.6,16:14
2020-03-17,IBM,106.65,Call,120.0,2020-04-17,31.0,1.8,2.4,3.0,2.7,783.0,509.0,1.54,57.29,16:11
2020-03-17,AMZN,1807.84,Put,1680.0,2020-03-20,3.0,14.3,16.65,19.0,17.0,862.0,561.0,1.54,96.35,16:14
2020-03-17,AAL,15.5,Call,18.5,2020-03-20,3.0,0.4,0.43,0.45,0.4,1193.0,777.0,1.54,228.37,16:12
2020-03-17,MSFT,146.57,Call,147.0,2020-03-20,3.0,5.4,5.65,5.9,5.65,1411.0,917.0,1.54,110.33,16:15
2020-03-17,UBER,18.91,Call,22.0,2020-03-20,3.0,0.25,0.28,0.3,0.28,2693.0,1746.0,1.54,172.01,16:10
2020-03-17,NVDA,217.27,Call,220.0,2020-03-20,3.0,8.5,9.13,9.75,9.5,3910.0,2540.0,1.54,136.66,16:14
2020-03-17,V,157.89,Call,170.0,2020-03-20,3.0,1.58,1.83,2.08,1.29,1082.0,707.0,1.53,88.95,16:14
2020-03-17,TSLA,430.2,Put,300.0,2020-04-03,17.0,18.9,20.13,21.35,21.25,826.0,543.0,1.52,218.42,16:14
2020-03-17,M,6.7,Put,6.0,2020-04-17,31.0,0.84,0.86,0.87,0.86,1660.0,1093.0,1.52,161.55,16:14
2020-03-17,LYFT,18.66,Put,12.5,2020-04-17,31.0,1.4,1.51,1.61,1.41,1888.0,1243.0,1.52,210.8,16:14
2020-03-17,VZ,54.31,Put,65.0,2021-01-15,304.0,13.0,13.98,14.95,14.5,2000.0,1317.0,1.52,40.22,12:06
2020-03-17,TWTR,24.48,Call,25.0,2020-03-20,3.0,0.68,0.91,1.14,0.91,2035.0,1336.0,1.52,128.62,16:14
2020-03-17,MSFT,146.57,Call,157.5,2020-03-27,10.0,3.15,3.45,3.75,3.6,621.0,410.0,1.51,78.5,16:10
2020-03-17,KO,47.18,Call,51.0,2020-03-27,10.0,0.25,0.42,0.59,0.5,2499.0,1652.0,1.51,55.46,15:57
2020-03-17,BAC,21.98,Call,23.0,2020-03-20,3.0,0.62,0.69,0.75,0.68,8632.0,5726.0,1.51,137.28,16:14
2020-03-17,JNJ,136.59,Call,190.0,2021-03-19,367.0,0.74,2.12,3.5,1.3,600.0,400.0,1.5,22.46,16:06
2020-03-17,FB,149.42,Put,140.0,2020-03-27,10.0,4.5,5.78,7.05,4.85,628.0,418.0,1.5,92.08,16:14
2020-03-17,LYFT,18.66,Put,17.5,2020-03-20,3.0,1.09,1.23,1.38,1.32,1193.0,795.0,1.5,282.72,16:14
2020-03-17,TWTR,24.48,Call,26.0,2020-03-27,10.0,0.8,1.01,1.21,1.02,727.0,489.0,1.49,100.21,16:13
2020-03-17,AMRN,10.52,Call,13.0,2020-04-17,31.0,1.55,1.9,2.24,1.9,775.0,519.0,1.49,219.15,16:04
2020-03-17,NIO,2.9,Call,3.0,2020-03-27,10.0,0.36,0.37,0.37,0.37,1077.0,723.0,1.49,215.57,16:14
2020-03-17,GE,7.08,Call,6.5,2020-03-20,3.0,0.68,0.8,0.92,0.71,1282.0,859.0,1.49,158.88,16:09
2020-03-17,SPCE,12.66,Call,14.0,2020-03-20,3.0,0.25,0.4,0.55,0.5,1288.0,866.0,1.49,215.06,16:14
2020-03-17,BAC,21.98,Put,21.0,2020-03-27,10.0,1.45,1.6,1.75,1.55,2180.0,1468.0,1.49,141.68,16:14
2020-03-17,DAL,31.74,Call,35.0,2020-03-20,3.0,0.88,0.95,1.02,0.96,3350.0,2253.0,1.49,184.16,16:15
2020-03-17,AAPL,250.8,Put,230.0,2020-03-20,3.0,2.88,2.94,3.0,3.0,20137.0,13513.0,1.49,123.83,16:14
2020-03-17,FB,149.42,Put,150.0,2021-03-19,367.0,24.65,26.13,27.6,26.5,518.0,351.0,1.48,46.15,13:47
2020-03-17,RDFN,13.69,Call,14.0,2020-03-20,3.0,0.6,0.85,1.1,1.8,608.0,410.0,1.48,391.55,12:22
2020-03-17,PS,8.62,Put,7.5,2020-04-17,31.0,0.35,0.58,0.8,0.75,755.0,510.0,1.48,132.78,16:07
2020-03-17,COST,306.99,Call,295.0,2020-03-20,3.0,14.55,16.0,17.45,14.75,1166.0,786.0,1.48,66.13,16:07
2020-03-17,DAL,31.74,Put,34.0,2020-03-20,3.0,2.75,3.35,3.95,3.77,1386.0,938.0,1.48,209.04,16:12
2020-03-17,XOM,36.81,Call,35.0,2020-03-20,3.0,2.27,2.42,2.57,2.45,550.0,378.0,1.46,104.35,16:15
2020-03-17,SBUX,58.98,Call,72.5,2020-04-17,31.0,0.54,0.82,1.1,0.96,1621.0,1110.0,1.46,66.94,16:14
2020-03-17,UBER,18.91,Call,21.0,2020-03-20,3.0,0.45,0.5,0.54,0.48,4610.0,3158.0,1.46,174.62,16:13
2020-03-17,CARS,6.15,Put,5.0,2020-04-17,31.0,0.3,0.43,0.55,0.4,500.0,344.0,1.45,133.55,11:58
2020-03-17,CPRI,8.15,Put,12.5,2020-08-21,157.0,5.0,5.55,6.1,5.25,584.0,402.0,1.45,98.27,11:35
2020-03-17,AMZN,1807.84,Call,1910.0,2020-03-20,3.0,10.05,11.78,13.5,11.57,688.0,475.0,1.45,67.66,16:12
2020-03-17,BAC,21.98,Put,20.0,2020-04-24,38.0,2.0,2.09,2.17,2.14,837.0,579.0,1.45,113.26,16:11
2020-03-17,NFLX,319.75,Call,310.0,2020-03-20,3.0,17.4,18.78,20.15,19.5,935.0,644.0,1.45,123.63,16:12
2020-03-17,MSFT,146.57,Put,138.0,2020-03-20,3.0,2.88,3.26,3.65,3.3,1428.0,984.0,1.45,131.11,16:15
2020-03-17,FB,149.42,Call,165.0,2020-03-20,3.0,0.48,0.56,0.64,0.53,3148.0,2164.0,1.45,83.46,16:14
2020-03-17,SYY,35.06,Put,35.0,2020-05-15,59.0,5.3,5.9,6.5,5.7,561.0,390.0,1.44,103.5,16:13
2020-03-17,TSLA,430.2,Put,365.0,2020-03-20,3.0,9.1,9.55,10.0,9.5,994.0,692.0,1.44,224.22,16:14
2020-03-17,UBER,18.91,Put,15.0,2020-04-17,31.0,1.6,1.66,1.71,1.68,2323.0,1614.0,1.44,168.7,16:14
2020-03-17,AAPL,250.8,Call,240.0,2020-03-20,3.0,16.85,17.5,18.15,17.5,4924.0,3420.0,1.44,109.18,16:14
2020-03-17,XOM,36.81,Put,25.0,2020-04-17,31.0,0.7,0.78,0.86,0.76,644.0,451.0,1.43,122.8,16:06
2020-03-17,MRNA,28.18,Put,30.0,2020-03-20,3.0,3.3,3.8,4.3,4.0,684.0,479.0,1.43,286.49,16:10
2020-03-17,BABA,184.81,Put,187.5,2020-03-20,3.0,6.0,6.48,6.95,6.25,829.0,580.0,1.43,71.27,16:10
2020-03-17,M,6.7,Put,6.5,2020-03-20,3.0,0.37,0.39,0.4,0.39,1155.0,806.0,1.43,202.96,16:15
2020-03-17,BAC,21.98,Call,25.0,2020-03-27,10.0,0.46,0.51,0.55,0.43,2240.0,1568.0,1.43,95.04,16:14
2020-03-17,ZM,111.26,Call,115.0,2020-04-03,17.0,8.8,9.2,9.6,9.96,780.0,551.0,1.42,121.38,16:12
2020-03-17,PTON,25.45,Call,26.0,2020-03-20,3.0,1.35,1.68,2.0,1.69,895.0,629.0,1.42,210.04,16:13
2020-03-17,MU,37.38,Call,40.0,2020-03-27,10.0,1.88,2.17,2.46,2.19,1027.0,725.0,1.42,130.74,16:13
2020-03-17,GIS,59.67,Call,62.5,2020-03-20,3.0,0.46,0.73,1.0,0.5,1972.0,1384.0,1.42,68.35,16:14
2020-03-17,FNV,105.85,Put,80.0,2020-04-17,31.0,1.25,1.45,1.65,1.5,512.0,364.0,1.41,85.93,15:15
2020-03-17,AAPL,250.8,Put,245.0,2020-04-03,17.0,15.6,15.88,16.15,15.97,773.0,547.0,1.41,92.26,16:14
2020-03-17,BAC,21.98,Put,20.0,2020-04-09,23.0,1.56,1.68,1.8,1.72,920.0,652.0,1.41,124.2,16:13
2020-03-17,MSFT,146.57,Call,142.0,2020-03-20,3.0,7.4,8.3,9.2,8.2,938.0,665.0,1.41,107.59,16:14
2020-03-17,SQ,44.73,Call,50.0,2020-03-20,3.0,0.91,0.95,0.98,0.96,1419.0,1005.0,1.41,166.83,16:14
2020-03-17,M,6.7,Put,5.0,2020-03-27,10.0,0.16,0.28,0.4,0.38,2144.0,1519.0,1.41,265.8,16:14
2020-03-17,VALE,8.17,Call,11.0,2020-04-17,31.0,0.2,0.23,0.25,0.22,7363.0,5219.0,1.41,99.79,16:13
2020-03-17,KGC,4.76,Call,5.5,2020-03-27,10.0,0.15,0.21,0.26,0.2,506.0,361.0,1.4,142.81,16:14
2020-03-17,JPM,93.76,Put,85.0,2020-03-27,10.0,3.95,4.23,4.5,4.45,522.0,372.0,1.4,137.63,16:14
2020-03-17,LK,31.78,Put,20.0,2020-05-15,59.0,0.5,0.95,1.4,1.25,676.0,482.0,1.4,127.39,14:56
2020-03-17,AAPL,250.8,Put,220.0,2020-04-03,17.0,8.4,8.7,9.0,9.4,855.0,611.0,1.4,109.02,16:14
2020-03-17,LVS,40.86,Put,30.0,2020-04-17,31.0,3.25,3.48,3.7,3.5,967.0,689.0,1.4,192.5,16:14
2020-03-17,KO,47.18,Put,45.0,2020-04-17,31.0,2.07,2.4,2.72,2.6,972.0,692.0,1.4,67.46,15:51
2020-03-17,AMZN,1807.84,Put,1800.0,2020-04-17,31.0,123.25,126.85,130.45,132.0,1884.0,1348.0,1.4,65.52,16:08
2020-03-17,FB,149.42,Put,140.0,2020-03-20,3.0,2.15,2.29,2.43,2.29,5217.0,3724.0,1.4,111.55,16:14
2020-03-17,AAPL,250.8,Put,205.0,2020-03-20,3.0,0.77,0.79,0.81,0.81,7515.0,5384.0,1.4,149.64,16:14
2020-03-17,DIS,93.3,Call,98.0,2020-03-20,3.0,1.8,2.09,2.38,2.0,551.0,395.0,1.39,110.45,16:12
2020-03-17,NKE,69.84,Put,65.0,2020-03-20,3.0,1.35,1.51,1.66,1.58,710.0,512.0,1.39,142.87,16:08
2020-03-17,TSLA,430.2,Put,445.0,2020-03-20,3.0,35.55,36.88,38.2,36.44,2197.0,1575.0,1.39,180.03,16:13
2020-03-17,INTC,50.08,Call,50.0,2020-09-18,185.0,6.8,7.25,7.7,7.64,3311.0,2390.0,1.39,52.53,15:51
2020-03-17,UBER,18.91,Call,27.0,2020-03-27,10.0,0.15,0.2,0.25,0.17,964.0,699.0,1.38,146.1,16:01
2020-03-17,C,40.25,Put,25.0,2021-01-15,304.0,1.59,2.77,3.95,3.2,981.0,709.0,1.38,78.26,16:11
2020-03-17,APRN,6.55,Put,3.0,2020-03-20,3.0,0.15,0.2,0.25,0.2,1060.0,767.0,1.38,0.0,16:09
2020-03-17,AMZN,1807.84,Call,1880.0,2020-03-20,3.0,17.1,19.35,21.6,19.4,1444.0,1045.0,1.38,70.25,16:15
2020-03-17,WORK,19.9,Call,22.0,2020-03-20,3.0,0.25,0.35,0.45,0.45,1607.0,1166.0,1.38,161.72,16:14
2020-03-17,NFLX,319.75,Call,330.0,2020-03-20,3.0,6.8,7.35,7.9,7.51,3158.0,2292.0,1.38,101.56,16:14
2020-03-17,GM,20.32,Put,19.0,2020-03-20,3.0,0.6,0.65,0.69,0.69,594.0,433.0,1.37,174.75,16:01
2020-03-17,LK,31.78,Call,35.0,2020-05-15,59.0,3.1,3.75,4.4,3.95,617.0,449.0,1.37,101.27,15:29
2020-03-17,AMZN,1807.84,Call,1920.0,2020-03-20,3.0,7.8,9.15,10.5,9.42,1213.0,886.0,1.37,66.49,16:14
2020-03-17,MRNA,28.18,Call,30.0,2020-03-27,10.0,2.75,3.13,3.5,3.0,1466.0,1073.0,1.37,200.76,16:12
2020-03-17,BYND,60.12,Put,60.0,2020-03-20,3.0,2.97,3.39,3.8,2.98,1539.0,1123.0,1.37,144.45,16:14
2020-03-17,C,40.25,Call,50.0,2020-04-17,31.0,1.2,1.35,1.49,1.27,2236.0,1637.0,1.37,87.78,16:09
2020-03-17,BAC,21.98,Call,21.0,2020-03-20,3.0,1.48,1.68,1.87,1.7,6781.0,4949.0,1.37,147.11,16:14
2020-03-17,ROKU,69.46,Call,78.0,2020-03-20,3.0,0.82,0.95,1.08,0.96,569.0,418.0,1.36,142.51,16:13
2020-03-17,MRNA,28.18,Call,29.0,2020-03-20,3.0,1.9,2.22,2.55,2.35,993.0,730.0,1.36,265.56,16:14
2020-03-17,AAPL,250.8,Put,140.0,2020-03-27,10.0,0.44,0.53,0.62,0.63,1059.0,781.0,1.36,187.56,16:14
2020-03-17,F,5.01,Put,4.0,2020-04-03,17.0,0.33,0.33,0.33,0.34,1344.0,987.0,1.36,192.63,16:14
2020-03-17,SQ,44.73,Put,30.0,2022-01-21,675.0,5.3,5.7,6.1,5.72,573.0,425.0,1.35,61.88,16:08
2020-03-17,TSLA,430.2,Call,515.0,2020-03-20,3.0,0.9,2.15,3.4,3.28,611.0,451.0,1.35,156.86,16:13
2020-03-17,AAPL,250.8,Put,195.0,2020-03-27,10.0,2.6,2.68,2.75,2.71,1017.0,754.0,1.35,131.31,16:14
2020-03-17,AAPL,250.8,Put,235.0,2020-03-27,10.0,9.15,9.3,9.45,9.16,1117.0,825.0,1.35,103.38,16:14
2020-03-17,COST,306.99,Call,320.0,2020-03-20,3.0,1.3,2.25,3.2,2.5,2324.0,1720.0,1.35,63.56,16:14
2020-03-17,CCL,12.71,Put,13.0,2020-03-20,3.0,1.5,1.55,1.6,1.55,2739.0,2026.0,1.35,302.3,16:14
2020-03-17,CVX,70.69,Call,97.5,2021-06-18,458.0,3.1,5.3,7.5,5.0,4182.0,3095.0,1.35,38.68,12:17
2020-03-17,MDB,114.52,Call,175.0,2020-03-20,3.0,0.0,0.08,0.15,0.1,500.0,374.0,1.34,204.61,11:58
2020-03-17,AMZN,1807.84,Call,1825.0,2020-03-20,3.0,40.55,43.68,46.8,44.22,760.0,567.0,1.34,79.54,16:11
2020-03-17,JPM,93.76,Call,97.0,2020-03-20,3.0,0.13,1.62,3.1,1.6,1194.0,894.0,1.34,85.16,16:14
2020-03-17,ROKU,69.46,Call,85.0,2020-03-20,3.0,0.17,0.19,0.21,0.19,1221.0,908.0,1.34,134.37,16:13
2020-03-17,ET,5.25,Call,6.5,2020-03-27,10.0,0.05,0.11,0.18,0.15,1379.0,1029.0,1.34,147.62,15:32
2020-03-17,OXY,11.34,Call,27.5,2020-06-19,94.0,0.25,0.39,0.53,0.27,1851.0,1382.0,1.34,113.66,15:47
2020-03-17,UBER,18.91,Put,13.0,2020-04-17,31.0,1.09,1.16,1.22,1.17,2708.0,2015.0,1.34,183.67,16:14
2020-03-17,JPM,93.76,Call,100.0,2020-03-20,3.0,1.06,1.53,2.0,1.42,3540.0,2639.0,1.34,106.75,16:14
2020-03-17,MU,37.38,Call,42.5,2020-03-20,3.0,0.15,0.26,0.36,0.21,634.0,476.0,1.33,113.68,16:09
2020-03-17,AMZN,1807.84,Put,1820.0,2020-03-20,3.0,53.9,56.8,59.7,60.0,652.0,492.0,1.33,82.08,16:13
2020-03-17,BAC,21.98,Call,20.0,2021-06-18,458.0,5.3,5.6,5.9,5.7,816.0,614.0,1.33,48.43,16:05
2020-03-17,UBER,18.91,Call,27.0,2020-04-17,31.0,0.45,0.55,0.65,0.48,852.0,640.0,1.33,109.61,16:10
2020-03-17,AMD,41.88,Call,38.0,2020-03-20,3.0,4.4,4.65,4.9,4.5,930.0,700.0,1.33,137.27,16:07
2020-03-17,WTRH,0.75,Call,2.5,2020-04-17,31.0,0.3,0.32,0.35,0.35,1130.0,847.0,1.33,0.0,16:12
2020-03-17,MSFT,146.57,Put,100.0,2020-05-15,59.0,3.05,3.28,3.5,3.2,1170.0,882.0,1.33,90.02,16:13
2020-03-17,TSLA,430.2,Put,400.0,2020-09-18,185.0,98.3,100.75,103.2,97.0,1184.0,888.0,1.33,97.89,14:00
2020-03-17,TSLA,430.2,Call,540.0,2020-03-20,3.0,1.48,1.68,1.87,1.72,1342.0,1012.0,1.33,159.31,16:14
2020-03-17,MU,37.38,Call,41.5,2020-03-20,3.0,0.26,0.4,0.54,0.41,502.0,381.0,1.32,122.8,16:01
2020-03-17,MGM,9.55,Put,8.0,2020-04-17,31.0,1.6,1.77,1.94,1.81,540.0,410.0,1.32,252.69,16:12
2020-03-17,ZM,111.26,Call,107.0,2020-03-20,3.0,6.9,7.2,7.5,7.9,549.0,417.0,1.32,142.25,16:13
2020-03-17,FB,149.42,Put,147.0,2020-03-20,3.0,3.95,4.28,4.6,4.45,606.0,459.0,1.32,104.21,16:14
2020-03-17,REGN,491.69,Call,500.0,2020-03-20,3.0,11.5,15.5,19.5,14.94,732.0,556.0,1.32,104.74,16:14
2020-03-17,FB,149.42,Put,120.0,2020-04-17,31.0,3.35,4.08,4.8,3.55,825.0,623.0,1.32,86.66,16:14
2020-03-17,AAL,15.5,Call,16.5,2020-03-20,3.0,1.0,1.04,1.08,1.04,1750.0,1327.0,1.32,251.09,16:14
2020-03-17,NFLX,319.75,Call,320.0,2020-03-20,3.0,11.9,12.73,13.55,12.0,2181.0,1652.0,1.32,104.69,16:14
2020-03-17,TSLA,430.2,Put,380.0,2020-03-20,3.0,12.5,12.75,13.0,13.0,3394.0,2567.0,1.32,219.4,16:14
2020-03-17,MSFT,146.57,Put,130.0,2020-04-17,31.0,6.6,7.1,7.6,6.8,7359.0,5576.0,1.32,84.64,16:14
2020-03-17,BAC,21.98,Put,21.5,2020-03-20,3.0,0.94,1.01,1.07,1.0,8021.0,6064.0,1.32,156.08,16:14
2020-03-17,PTON,25.45,Put,24.0,2020-04-17,31.0,2.65,2.97,3.3,3.2,547.0,418.0,1.31,136.59,16:14
2020-03-17,JNJ,136.59,Call,180.0,2021-03-19,367.0,1.54,3.22,4.9,2.15,600.0,459.0,1.31,22.61,16:06
2020-03-17,AAPL,250.8,Put,160.0,2020-03-27,10.0,0.93,0.99,1.05,1.01,680.0,520.0,1.31,163.63,16:13
2020-03-17,SNAP,8.91,Put,8.0,2020-03-27,10.0,0.42,0.45,0.48,0.48,1145.0,874.0,1.31,154.78,16:14
2020-03-17,BA,124.14,Call,300.0,2020-04-17,31.0,0.3,0.4,0.49,0.35,3330.0,2549.0,1.31,136.33,16:09
2020-03-17,XOM,36.81,Call,40.0,2020-03-27,10.0,0.65,0.77,0.89,0.76,3612.0,2750.0,1.31,77.01,16:12
2020-03-17,BABA,184.81,Put,180.0,2020-04-17,31.0,9.6,9.88,10.15,9.72,7452.0,5694.0,1.31,56.98,16:12
2020-03-17,NKE,69.84,Put,65.0,2020-03-27,10.0,3.05,3.5,3.95,3.6,521.0,401.0,1.3,128.47,16:01
2020-03-17,MSFT,146.57,Put,135.0,2020-03-27,10.0,4.5,4.68,4.85,4.85,668.0,513.0,1.3,103.0,16:14
2020-03-17,UAL,30.67,Call,39.0,2020-03-20,3.0,0.27,0.37,0.47,0.42,715.0,548.0,1.3,226.11,16:11
2020-03-17,PLAY,6.53,Call,25.0,2020-11-20,248.0,0.4,0.48,0.55,0.5,745.0,573.0,1.3,121.69,15:34
2020-03-17,BABA,184.81,Call,185.0,2020-04-17,31.0,11.55,11.8,12.05,12.0,1987.0,1527.0,1.3,55.87,16:10
2020-03-17,TSLA,430.2,Put,440.0,2020-03-20,3.0,31.0,33.5,36.0,34.06,4473.0,3452.0,1.3,184.02,16:14
2020-03-17,RAD,16.95,Call,19.0,2020-03-20,3.0,0.2,0.54,0.87,0.6,616.0,479.0,1.29,214.47,16:14
2020-03-17,BA,124.14,Put,130.0,2020-04-17,31.0,27.65,28.7,29.75,28.3,710.0,549.0,1.29,173.49,16:14
2020-03-17,UNFI,10.01,Call,12.5,2020-04-17,31.0,0.55,0.63,0.7,0.69,776.0,600.0,1.29,126.55,16:08
2020-03-17,TSLA,430.2,Put,305.0,2020-03-20,3.0,2.57,2.72,2.88,2.73,893.0,690.0,1.29,260.04,16:14
2020-03-17,C,40.25,Put,40.0,2020-03-20,3.0,1.1,1.91,2.71,2.69,1167.0,904.0,1.29,194.26,16:13
2020-03-17,WFC,29.63,Call,37.5,2020-07-17,122.0,1.74,1.94,2.15,1.9,3104.0,2409.0,1.29,62.78,16:14
2020-03-17,FNV,105.85,Put,90.0,2020-04-17,31.0,2.1,3.5,4.9,3.0,4749.0,3690.0,1.29,77.4,16:09
2020-03-17,SBUX,58.98,Put,45.0,2020-04-17,31.0,2.17,2.21,2.25,2.22,645.0,503.0,1.28,119.74,16:14
2020-03-17,TSLA,430.2,Put,255.0,2020-03-20,3.0,0.64,0.8,0.96,0.65,673.0,525.0,1.28,283.3,16:02
2020-03-17,AMC,2.48,Put,2.0,2020-06-19,94.0,0.95,0.98,1.0,0.98,1245.0,969.0,1.28,292.92,16:06
2020-03-17,T,33.74,Call,33.0,2020-03-20,3.0,1.21,1.4,1.59,1.35,1598.0,1251.0,1.28,77.19,16:11
2020-03-17,MSFT,146.57,Call,145.0,2020-05-15,59.0,16.75,16.95,17.15,17.0,4502.0,3522.0,1.28,68.89,16:11
2020-03-17,GE,7.08,Put,7.0,2020-04-17,31.0,0.88,0.94,0.99,0.87,5743.0,4471.0,1.28,109.63,16:14
2020-03-17,M,6.7,Call,7.0,2020-04-17,31.0,0.83,0.97,1.1,0.91,536.0,422.0,1.27,132.71,16:12
2020-03-17,MSFT,146.57,Call,152.5,2020-03-27,10.0,5.25,5.53,5.8,5.6,550.0,434.0,1.27,83.18,16:14
2020-03-17,RAD,16.95,Call,17.0,2020-03-20,3.0,1.06,1.13,1.2,1.12,805.0,635.0,1.27,186.52,16:13
2020-03-17,AAPL,250.8,Put,255.0,2020-03-27,10.0,16.35,16.45,16.55,16.3,1616.0,1277.0,1.27,91.15,16:14
2020-03-17,CVNA,40.61,Put,60.0,2021-01-15,304.0,26.3,28.25,30.2,31.8,2000.0,1570.0,1.27,123.81,10:48
2020-03-17,MSFT,146.57,Put,55.0,2020-06-19,94.0,0.61,0.74,0.87,0.72,2337.0,1833.0,1.27,108.83,14:18
2020-03-17,PFE,32.16,Call,35.0,2020-03-27,10.0,0.4,0.47,0.54,0.45,556.0,443.0,1.26,65.22,16:14
2020-03-17,BP,18.84,Put,15.0,2021-01-15,304.0,2.66,3.13,3.6,3.15,587.0,467.0,1.26,82.11,14:48
2020-03-17,AMZN,1807.84,Call,1860.0,2020-03-20,3.0,24.15,27.13,30.1,27.0,596.0,473.0,1.26,73.31,16:14
2020-03-17,MSFT,146.57,Put,125.0,2021-03-19,367.0,14.55,16.03,17.5,15.0,642.0,511.0,1.26,46.69,14:51
2020-03-17,SPCE,12.66,Put,8.0,2020-03-20,3.0,0.0,0.1,0.2,0.15,909.0,720.0,1.26,382.93,16:08
2020-03-17,SQ,44.73,Put,35.0,2020-06-19,94.0,4.05,4.2,4.35,4.4,986.0,782.0,1.26,106.36,16:05
2020-03-17,TSLA,430.2,Put,360.0,2020-03-20,3.0,8.3,8.73,9.15,8.35,1703.0,1349.0,1.26,224.19,16:14
2020-03-17,AAPL,250.8,Put,200.0,2020-03-27,10.0,3.0,3.13,3.25,3.09,4678.0,3716.0,1.26,126.63,16:14
2020-03-17,MGM,9.55,Put,10.0,2020-04-17,31.0,2.45,2.65,2.85,2.7,1550.0,1238.0,1.25,221.69,16:13
2020-03-17,SBUX,58.98,Put,40.0,2020-06-19,94.0,3.0,3.05,3.1,3.1,2039.0,1625.0,1.25,100.85,16:15
2020-03-17,NVDA,217.27,Put,155.0,2020-03-20,3.0,0.5,0.53,0.56,0.54,2258.0,1808.0,1.25,210.73,16:14
2020-03-17,TGT,103.63,Call,109.0,2020-03-20,3.0,0.0,1.5,3.0,0.89,616.0,496.0,1.24,72.52,16:14
2020-03-17,DAL,31.74,Call,37.0,2020-03-20,3.0,0.42,0.52,0.62,0.56,656.0,531.0,1.24,184.79,16:08
2020-03-17,AMZN,1807.84,Call,1750.0,2020-03-20,3.0,88.1,91.48,94.85,90.0,1643.0,1320.0,1.24,87.48,16:14
2020-03-17,TSLA,430.2,Call,480.0,2020-03-20,3.0,6.6,7.8,9.0,8.55,2454.0,1987.0,1.24,159.86,16:14
2020-03-17,BAC,21.98,Put,20.5,2020-03-20,3.0,0.65,0.7,0.75,0.65,6560.0,5295.0,1.24,163.5,16:14
